"n.desmeytikoi","m","Nrnd1","Nrnd2","Nrnd3","Nrnd4","Nrnd5","Nrnd6","Nrnd7","Nrnd8","Nrnd9","Nrnd10"
69,427,406,420,3,427,407,404,420,424,421,423
76,507,473,504,3,498,480,473,475,502,452,502
39,323,300,314,3,320,319,295,302,321,320,315
45,329,308,289,2,329,286,310,319,320,318,324
31,283,247,275,1,274,259,239,254,279,267,278
46,352,325,340,5,344,346,334,334,350,340,344
73,536,517,510,3,531,486,506,524,519,534,529
62,444,424,444,1,423,432,428,399,443,443,441
48,388,357,379,1,385,361,343,375,379,365,383
50,336,307,331,2,336,327,314,335,329,329,332
38,261,225,253,1,258,260,226,209,258,244,247.5
58,436,408,424.5,5,431,431,400,407,432,407,430
34,233,210,218,1,233,226,216,232,230,204,230
35,252,232,249.5,5,250,245,228,244,233,250,237
36,335,310,326,9,327,308,297,301,319,332,328
34,291,273,289,3,289,288,260,265,288,283,287
64,404,387,400,1,404,371,372,393,403,393,396
58,377,354,373,3,373,365,357,361,366,361,372
53,447,409,445,1,440,432,400,385,444,439,445
53,336,321,335,2,334,323,321,323,326,315,333
70,462,433,460,4,443,452,432,406,458,440,456
50,322,297,312,1,308,307,295,290,315,318,317
66,463,443,463,1,463,449,439,458,460,457,454
36,312,294,298,1,311,305,274,304,310,308,309
37,308,279,297,2,288,304,297,265,307,304,303
49,423,396,389,2,410,398,378,375,417,391,419
46,408,387,401,14,401,370,380,375,369,402,389
64,444,422,438,4,419,440,413.5,386,439,436,435
68,466,437,428,2,464,453,442,435,457,450,458
48,309,280,308,2,299,289,293,276,302,305,304
49,368,345,363,2,363,349,336,346,362,362,360
61,439,412,431,1,439,416,405.5,424,433,407,431
57,530,493,518,4,530,493,487,527,517,518,521
54,509,462,489,2,501,493,460,479,501,499,504
48,368,339,368,2,365,356,347,354,366,349,363
56,392,371,390,1,389,372,367.5,378,389,387,386
63,443,429,439,3,422,428,425.5,415,429,397,433
37,363,336,339,1,360,358,327,348,362,340,345
30,285,257,273,3,269,276,246,251,281,259,278
38,285,262,277,2,271,256,259,257,264,249,269.5
57,435,410,430,1,429,426,415,420,432,428,427
43,388,353,381,2,373,383,348,344,386,334,386
40,313,292,312,5,299,309,291,283,309,300,308
51,491,457,473,3,479,484,461,467,485,485,482
36,275,254,263,2,270,260,232,233,268,267,271
62,453,439,444,1,443,441,432,431,444,431,449
40,311,277,297,5,305,306,270,293,304,298,301
60,393,380,382,1,374,379,359.5,352,393,388,388
55,473,447,459,5,470,452,449,451,455,460,465
52,330,312,330,1,330,311,308,317,321,330,318
62,360,321,351,8,355,347,338,333,352,352,350
38,292,263,289,1,291,290,259,257,291,272,286
63,463,441,442,2,457,453,427,448,453,463,454
56,437,402,432,1,429,415,415,410,433,405,435
61,393,357,355,2,384,383,363.5,355,386,379,387
63,471,448,442,6,469,462,440,461,468,470,466
54,346,329,337,2,335,335,327,316,336,338,343
54,369,354,366,3,355,354,338,343,365,359,364
34,233,208,230,2,221,198,209,215,224,218,220
27,310,277,306,3,310,279,271,306,298,303,304
41,286,263,282,3,269,281,255,241,283,285,277
29,239,224,230,3,229,220,207,189,229,219,237
36,273,243,266,1,271,266,252,255,270,259,266
53,458,433,439,3,457,413,419,442,430,439,452
54,345,329,341,1,345,329,329,340,332,336,337
59,451,422,428,2,424,435,430,412,442,440,447
58,458,432,394,1,457,424,425,450,452,445,453
39,309,288,301,3,309,275,282,307,296,307,293
41,255,233,232,3,253,246,228,246,251,252,252
46,387,364,367,1,379,356,367,347,380,386,380
43,315,272,299,2,314,307,275,309,311,299,303
41,319,303,311,1,305,306,297,293,317,316,309
46,336,312,327,8,333,336,318,323,334,336,330
37,221,201,209,1,206,210,200,183,215,213,215
49,427,381,411,1,416,418,404,401,422,403,420
61,310,299,303,1,307,300,296,299,302,310,305
43,264,249,264,7,261,259,238,232,258,262,250
37,322,293,315,1,321,295,302,314,319,306,318
66,499,472,494,1,474,456,467,434,493,490,497
64,337,320,319,1,335,328,313,329,336,309,335
54,305,284,297,2,304,296,289,292,299,296,300
50,379,346,378,4,367,348,351,334,373,371,376
35,297,272,277,5,292,277,250,271,287,283,289
55,473,452,462,4,467,455,438,436,470,441,467
32,327,301,304,7,320,321,296,313,319,313,319.5
69,535,506,520,3,517,520,517,495,522,533,528
31,241,195,223,1,234,230,219.5,219,234,229,233
43,340,292,336,2,339,334,325,323,337,312,331
43,318,296,301,3,300,274,292,284,306,294,313.5
81,565,540,556,6,565,543,519,550,553,549,555
54,372,341,363,1,362,359,341,336,369,371,368
52,358,336,353,2,354,336,327,339,346,349,347
56,397,368,388,7,390,386,380,359,385,389,391
47,433,395,404,1,422,385,390,397,415,432,424
36,326,302,303,1,326,305,312,322,320,309,322
42,369,346,356.5,5,360,354,336,339,362,369,361
51,301,286,300,4,298,286,286,254,299,287,297
53,425,392,417,3,421,411,398,406,422,403,419
68,488,448,483,3,485,477,472,475,483,481,484
44,350,325,323,2,347,336,312,337,342,349,338
52,316,296,303,2,312,311,294,295,310,314,310
61,479,456,468,1,476,446,457,463,472,470,475
61,500,471,471,1,494,465,478,474,490,449,498
32,335,298,325,4,334,316,307,307,311,325,328
59,430,414,430,2,420,414,397,406,428,429,424
67,508,486,503,1,506,498,482,492,496,498,496
64,480,466,467,8,455,455,441,437,469,466,475
55,446,414,442,2,436,427,416,415,425,428,436
43,322,305,312,3,312,310,300,297,313,292,317
78,488,459,463,2,487,458,466,480,470,486,485
44,327,314,321,1,310,323,305,304,327,315,317.5
55,491,451,468,1,457,484,460,449,487,483,486
51,369,349,360,3,361,358,343,341,368,356,364
59,474,451,457,5,474,453,443,471,462,464,464
61,437,419,431,2,428,426,401,405,435,431,434
43,339,303,330,1,331,325,307,307,335,335,338
33,285,254,266,1,281,269,254,257,282,285,284
60,440,409,435,3,421,416,422,402,418,427,428
66,500,471,483,1,499,457,467,480,489,483,494
37,292,283,292,8,290,278,261,275,289,287,284
35,261,225,234,2,254,251,235,245,260,245,256
58,410,386,405,3,410,393,384,407,404,403,397
66,503,476,476,3,494,484,475,470,495,494,500
59,400,381,397,2,397,380,375,373,395,384,396
61,422,394,415,3,416,418,380,404,414,421,411
44,361,320,354,2,355,354,327,343,358,343,355
77,598,580,598,1,596,581,559.5,574,585,583,585
42,381,345,347,1,372,377,329.5,336,379,379,376
50,451,410,425,4,451,417,406,451,439,443,439
58,412,386,410,5,408,390,376,387,398,402,406
56,452,425,407,3,439,435,416,409,447,443,444
32,347,295,333,2,347,305,304,333,327,339,340
36,305,270,296,2,300,302,280,286,305,301,299
40,335,303,334,2,331,316,304,311,323,335,325
49,335,309,325.5,5,334,327,300,323,332,319,332
56,422,395,380,1,421,408,382,394,417,420,418
54,352,334,347,4,351,338,327,338,341,351,346
56,377,348,374,1,376,362,361,370,373,371,369
55,472,441,466,1,470,449,454,464,464,431,466
63,480,462,464,4,471,469,457,443,472,459,475
37,295,264,291,3,288,290,270,265,294,278,287
56,399,376,397,3,396,395,370,388,396,396,394
44,327,280,323,1,323,303,304,298,322,323,319
45,446,411,430,3,444,435,405.5,418,440,445,440
49,401,378,389,1,395,381,379.5,368,391,369,399
63,378,354,377,3,375,371,362,368,367,376,364
40,381,357,379,1,381,367,336,380,381,359,371
40,327,301,325,1,322,327,305,260,327,323,323
47,290,270,284,3,290,266,263,283,281,289,283
34,283,244,278,1,276,268,246,262,280,276,278
61,385,359,373,3,361,374,357,331,380,382,380
48,337,317,316,1,335,313,317,322,336,331,333
70,400,372,391,2,390,392,370,385,395,392,391.5
58,432,412,426,7,432,420,410,428,426,420,426
34,249,225,243,3,225,240,231,209,245,230,244
45,359,339,359,2,358,312,330,331,355,359,355
50,421,390,393,1,419,403,381,402,412,402,414
59,376,353,328,1,376,367,353,372,369,373,373
41,289,258,274,1,289,281,269,282,286,278,287
46,388,372,385,2,382,378,346,374,386,368,385
61,387,367,356,2,383,383,371,364,387,365,375
62,467,453,461,3,465,462,429,454,461,466,464
48,362,346,314,6,356,345,342,333,355,342,355
43,330,307,322,1,328,297,302,320,328,325,326
41,321,299,313,1,320,309,283,310,316,302,317
57,504,477,498,1,504,450,481,496,490,503,499
52,335,311,335,4,323,324,293.5,311,331,335,330
46,431,402,406,2,428,391,391,422,427,427,425
55,366,335,359,1,342,343,340,320,358,361,361
41,328,302,311,2,328,293,303,324,316,328,319
35,316,278,290.5,2,295,290,281,267,300,309,309
59,435,406,428,1,428,403,411,388,428,425,429
52,380,343,379,6,371,376,357,354,375,372,366
47,385,361,379,5,380,367,362,366,374,379,379
53,344,325,344,2,338,336,326,323,337,340,334
71,528,497,514,3,509,514,483,489,524,505,520
65,540,501,528,3,540,506,512,539,525,536,535.5
60,448,416,427,4,448,445,410,439,444,435,436
47,340,317,333,4,333,332,327,313,336,329,332
74,537,513,529,1,531,516,508,510,536,524,534
42,338,319,331,1,331,314,321,313,336,334,334
67,551,506,513,5,542,528,526,516,546,548,545
73,454,433,441,6,452,447,412,435,449,439,445
74,532,501,529,3,532,524,496,529,529,522,529
45,294,271,289,2,284,277,274,258,285,294,287
45,375,350,372,1,374,367,345,355,373,364,371
46,368,320,350,1,367,368,308,330,368,363,365
43,273,257,267,4,272,247,252,265,265,256,266
50,563,509,523,1,542,541,522,514,561,561,560
58,360,345,354,1,352,347,341,340,348,358,355
40,340,322,322,1,340,331,315,339,335,329,335
39,348,333,335,1,343,312,327,336,347,347,344
50,403,381,396,5,401,396,384,336,394,400,399
68,554,513,548,1,549,543,508,536,547,554,549
34,295,260,289,5,294,272,276,284,282,252,287
48,391,368,379,6,374,370,359,361,374,358,379
56,403,376,398,2,401,381,367.5,387,396,395,397
35,327,290,318,4,323,294,293.5,304,310,307,323
33,210,194,208,1,203,186,194,191,201,208,207
65,455,414,447,1,444,433,430,421,447,446,449
71,484,469,476,1,484,449,464,476,480,484,479
53,426,401,410,1,422,404,398,413,418,403,424
34,232,208,227,1,214,216,200,190,225,224,230
55,365,344,359,3,348,364,340,337,365,340,359
69,490,462,481,6,467,474,463,445,477,453,483
71,545,504,540,2,540,519,512,497,534,525,537
41,323,305,319,4,322,313,293,311,311,305,315
67,578,549,577,2,575,573,545,547,573,572,575
43,338,317,304,1,326,314,315,301,333,336,337
38,252,232,232,3,250,248,221,215,250,228,241
67,392,370,388,1,368,377,354,367,390,392,389
44,381,327,366,2,378,364,356,373,376,363,375
72,572,540,545,2,572,560,549,566,565,534,570
33,281,233,281,1,280,278,237,270,278,281,276
48,302,283,295,1,290,282,265,275,301,300,299
61,430,409,426,3,429,417,408,421,417,426,421
63,474,446,469,3,468,448,455,449,462,471,467
45,309,291,303,5,288,297,290,278,298,294,304
38,299,275,298,1,285,284,278,254,297,298,296
45,332,301,326,8,330,331,305,303,330,329,322
55,369,353,341,1,364,354,348,349,368,365,367
66,505,484,504,2,501,481,483.5,472,504,505,501
70,490,474,484,1,484,487,464,469,489,479,487
52,399,382,383,2,396,389,386,390,394,379,390
37,268,259,260,7,263,259,238,256,257,261,256
48,438,418,418,3,435,433,397.5,423,433,436,428
38,281,248,280,2,279,262,251,270,267,271,277
49,357,339,353,3,337,343,318,321,345,352,351
39,231,204,229,1,226,228,214,216,230,226,225
61,448,421,446,1,434,445,420,429,448,444,445
67,485,454,473,1,480,482,454,457,484,465,475
54,443,409,430,5,439,419,410,426,432,433,433
47,269,256,260,6,264,231,253,255,255,258,262
60,443,408,430,2,439,421,403,433,439,433,437
40,351,326,346,3,323,336,319,288,348,338,347
64,510,488,493,2,507,502,473,495,501,493,506
73,449,438,445,1,448,443,431,444,449,441,443
55,388,354,387,2,384,379,369,369,385,372,379
68,432,399,419,10,414,396,390,399,421,432,419
39,349,314,339,1,349,292,314,340,336,345,340
38,288,245,285,3,268,276,264,238,282,278,285
33,341,305,325,1,331,302,319,308,328,316,334
56,429,404,423,1,425,410,410,401,424,422,418
37,301,287,289,7,300,270,270,293,278,297,292
65,550,531,543.5,4,547,534,522,524,544,539,541
63,389,377,379,4,382,350,363,363,377,381,383
57,435,401,416,4,431,419,411,423,430,427,429
51,357,334,350,2,357,344,331.5,347,350,315,354
49,320,280,317,1,317,303,301,299,317,315,313
56,385,373,375,2,381,380,367,370,383,359,381
39,302,287,299,1,296,295,273,277,299,296,297
44,328,286,310,1,318,325,294,300,328,319,318
40,273,252,269,2,273,255,250,270,268,265,267
59,421,395,410,5,414,411,369,408,411,417,415
38,246,234,239,1,232,246,225,220,246,242,242
34,331,288,299,1,326,312,297,294,321,323,318
34,336,311,328,7,324,321,313,306,329,294,331
46,395,376,386,1,387,378,357,380,394,394,394
74,562,530,551,1,554,560,539,529,562,551,559
36,274,256,271,1,273,273,254,255,272,262,261
70,496,466,481,4,485,486,473,468,492,485,480
58,379,364,378,2,379,373,358,377,378,358,369
52,480,438,478,2,471,458,449,437,471,444,469
34,252,235,239,3,251,238,231,244,243,234,247
39,350,325,314,2,337,348,329,300,345,341,345
48,411,368,398,3,411,400,386,406,404,398,406
55,426,403,407,2,419,412,405,405,426,423,424
55,465,431,448,1,465,444,419,464,460,434,455
59,382,353,366,1,370,369,365,353,375,354,370
68,556,530,546,7,554,537,527,551,544,537,548
56,353,325,343,7,350,339,329,342,340,352,346
56,417,382,417,1,405,404,384,378,411,411,409
54,473,432,432,2,462,467,439.5,444,470,449,461
40,248,232,239,2,248,243,222,242,248,244,246
52,399,365,357,1,396,389,366,369,394,393,392
70,425,397,395,4,421,414,398,409,417,420,419
46,378,347,327.5,5,377,359,349.5,367,360,376,371
47,293,280,290,2,292,282,276,289,286,284,290
46,331,308,318,1,291,321,312,288,328,326,326
69,493,470,488,7,488,460,470,476,472,491,487
41,333,284,333,4,332,322,298,327,327,309,326
33,240,220,235,8,214,226,213.5,209,233,208,229
42,276,251,247,2,272,254,263,255,273,266,270
53,324,310,323,1,322,317,303,297,324,319,322
38,349,325,342,3,342,329,319,326,337,344,343
68,484,466,474,3,474,481,461,434,482,481,477
32,259,238,256,4,242,234,229,231,240,256,246
43,278,248,274,6,271,277,246,259,273,254,272
38,244,226,221,5,239,230,222,236,242,244,234
35,316,272,302,4,299,298,285,278,302,295,307
44,334,316,331,1,332,319,314,316,330,321,325.5
39,249,231,249,2,249,233,222,244,248,245,241
58,371,353,370,3,371,361,336,369,366,346,364
42,340,325,338,4,329,324,304,319,332,321,328
51,376,365,375,7,376,350,357,370,360,358,369
69,420,398,393,2,420,408,397,413,414,402,413
56,487,456,472,3,442,464,460,440,483,458,475
57,359,326,359,1,358,355,335,346,356,357,355
54,300,289,291,1,300,293,272,298,293,300,299
34,246,228,231,6,240,219,217.5,231,231,234,237
56,381,364,379,1,378,377,348,368,380,372,374
29,260,242,255,3,257,247,223,244,252,247,252
34,300,276,299,2,298,289,281,284,292,294,295
56,413,387,413,7,405,375,392,383,391,405,407
41,272,253,266,2,265,266,256,252,267,234,268
60,555,499,552,2,555,523,520,552,542,550,543
47,333,311,330,1,322,326,309.5,298,332,332,326
36,260,235,260,6,259,248,228,250,251,255,253
68,437,404,437,1,437,417,418,415,434,426,430
52,447,428,424,1,445,438,401,434,445,378,439
58,457,426,453,8,432,453,443,410,451,435,451
58,541,516,521,2,528,521,498,513,527,534,535
79,397,380,381,1,394,392,382,385,393,397,384
52,340,310,324,2,339,336,318,330,340,335,336
62,384,366,382,1,372,370,363.5,355,383,377,380
66,524,499,517,2,523,492,466,509,514,517,519
77,477,463,474,2,470,452,453,450,475,462,473
43,338,295,336,8,338,333,297,335,331,323,324
59,367,353,357,2,359,358,343,348,360,361,359
68,494,471,492,2,488,491,466,453,491,470,490
45,292,273,287,1,290,289,275,266,291,286,291
44,333,315,328,1,333,302,299,324,329,303,330
44,394,359,394,4,391,382,361,369,381,393,386
46,356,332,325,3,349,339,341,334,347,345,347.5
47,360,324,346,4,352,351,341,314,360,356,356
68,439,415,439,2,437,414,419.5,432,430,430,426
32,294,269,261,5,287,284,256,276,292,281,284
73,429,411,429,1,421,395,416,405,427,422,422
32,218,201,204,4,210,215,191,181,213,213,214
36,279,263,273,1,275,215,250,262,277,271,274
46,363,344,360,3,363,323,324,359,344,357,349
33,285,249,285,5,284,270,262,259,270,259,276
68,523,491,514,6,523,498,486,519,506,520,513
32,210,178,207,4,210,193,179.5,202,190,199,197
37,269,240,269,1,243,267,226,208,268,268,266
42,278,266,262,1,237,272,261,241,278,274,277
44,385,361,380,4,382,385,346,376,385,373,379
64,446,415,442,1,441,436,427,433,445,402,442
35,327,295,316,3,325,313,282,312,323,327,322
59,422,403,402,1,413,411,393,393,420,417,418
52,335,322,335,2,320,298,292,282,324,333,332
27,312,268,278,2,293,267,269,275,308,299,307
51,367,342,356,1,348,362,344,335,366,361,363
63,398,379,388,2,398,382,375,391,384,389,387
43,361,338,341,3,352,345,331,337,352,333,357
49,311,287,295,5,311,302,292,308,299,309,305
36,261,244,248,5,257,250,241.5,239,252,253,248
66,440,414,433,7,437,428,419,425,436,428,431
43,270,250,265,2,269,254,237,262,265,270,269
41,282,255,259,1,276,281,264,269,281,265,270
48,472,440,467,2,466,443,444,449,459,472,468
39,257,240,252,1,251,253,239,214,255,256,250
52,352,337,350,4,346,346,335,337,346,344,346
43,259,235,232,1,253,240,239,245,250,250,258
43,368,327,355,3,366,345,340,352,360,354,360
45,303,268,300,1,302,274,273,299,298,282,298
32,333,278,304,1,333,323,297,325,331,311,321.5
45,329,307,321,1,321,320,315.5,309,319,329,321
67,390,358,389,1,385,379,372,366,387,379,381
57,430,396,424,1,412,409,403,377,424,430,425
41,361,332,351,3,361,341,338,349,354,328,357
46,407,373,405,1,403,400,349,395,404,399,401
75,471,452,457.5,1,468,460,449.5,446,467,455,463
60,521,464,510,8,520,521,484,497,519,499,509
39,271,254,270,3,267,263,249.5,261,269,252,268
57,507,474,504,3,507,487,446,502,490,500,493
46,376,349,348,4,375,358,350,362,366,365,370
55,470,428,453,1,455,468,429,431,469,461,460
67,450,426,443,4,441,437,430,432,441,441,443
54,426,400,410,1,420,425,407,401,422,407,422
61,441,404,435,5,441,422,412,439,430,432,433
50,303,271,292,2,301,287,269,284,294,277,301
48,410,391,407,6,406,393,356,392,397,394,399
55,514,490,507,1,513,512,479,507,511,499,509
86,563,527,556,1,555,541,532,537,561,532,559
75,575,539,557,1,567,570,550,547,572,566,570
50,465,440,429,1,456,428,417,430,448,434,459
28,324,294,323,1,302,297,271,216,322,308,318
65,482,449,476,3,476,451,458,454,472,481,470
44,433,395,416,1,429,410,389,411,427,407,424
68,403,382,402,1,402,386,387,382,399,403,401
52,386,353,354,2,383,380,368,375,381,385,379
56,352,341,350,4,343,338,329,326,339,341,348
42,336,299,335,5,317,321,308,289,332,328,330
36,248,210,246,2,243,243,232,229,241,248,237
38,297,264,292,7,291,286,266,278,295,279,288
51,422,403,412,9,420,394,378,396,411,411,415
58,500,471,492,7,490,493,479,467,487,489,492
65,380,363,373,5,378,366,361,364,371,370,376
52,359,336,348,3,353,353,327,340,357,355,353
36,351,324,316,1,351,331,319,345,348,331,348
51,291,267,285,1,289,286,274,269,291,289,282
39,413,369,387,2,408,406,366,381,408,356,409
58,415,401,404,1,401,391,383,386,408,392,414
56,425,409,402,1,423,401,405,378,424,423,417
65,435,411,425,1,434,400,402,420,431,402,429
35,299,260,273,2,294,275,259,267,294,277,290
65,427,396,421,4,427,417,396,416,415,407,418
60,469,438,458,1,452,449,434,429,465,463,466
54,357,333,355,1,340,335,332,335,357,345,354
70,450,431,446,3,448,412,421,436,439,447,439
30,249,231,227,3,239,222,226,222,234,247,241
53,429,399,412,1,418,406,375,389,428,428,426
41,358,340,349,1,356,356,316,335,356,354,349
64,417,399,412,1,398,410,397,378,413,412,413
36,359,341,358,2,346,312,334,326,345,341,353
45,345,313,341,2,339,317,328,320,338,345,341
45,358,319,338,2,358,333,320,336,354,349,351
36,252,230,232,4,247,234,230,233,235,239,248
72,468,457,457,2,467,453,424,464,458,447,463
53,365,347,355,1,363,339,343,346,359,357,363
31,259,243,231,1,245,253,231,214,250,257,252
67,539,511,537,1,537,506,497.5,512,537,530,533
59,323,309,322,1,323,306,301,312,316,310,320
68,477,446,469,2,472,466,457,465,472,477,467
50,497,453,491,5,485,470,414,456,491,483,490
64,415,389,408,3,406,394,391,382,408,412,405
31,224,205,214,11,216,202,196,189,202,199,218
31,257,234,242,1,249,250,236,224,257,249,254
58,377,361,358,2,370,345,353,354,369,372,373
37,322,307,314,1,286,320,301,265,321,307,318
54,406,385,400,1,405,390,376,399,400,400,400
36,387,357,376,1,375,384,353,346,387,380,382
72,521,492,520,1,515,513,494,494,521,517,516
33,249,235,242,2,230,227,225,224,241,246,245
47,338,318,313.5,1,334,324,309,316,333,335,333
28,235,217,218,3,234,202,209,195,221,221,226
50,380,350,362.5,1,365,356,360,337,375,378,368
66,407,385,406,3,406,402,380,395,402,390,405
70,476,439,465,5,472,474,455.5,458,473,472,468
32,272,249,270,1,271,258,243,268,272,270,256
55,431,408,429,2,404,396,386,371,416,405,426
35,284,268,276,1,284,240,257,279,280,283,273
58,350,334,346,1,337,335,336,329,348,347,348
57,345,319,331,2,340,312,323,327,337,339,344
65,390,371,384,2,382,375,358,366,385,378,384
65,420,397,406,1,407,410,383,391,418,408,416
50,414,387,388,5,413,398,385,405,406,357,406
47,483,438,475,1,474,464,444,455,471,476,475
35,265,237,254,2,263,217,235.5,235,258,248,261
64,539,481,522,1,535,534,508,519,539,513,535
35,278,260,275,2,276,261,252,267,272,277,271
67,505,470,496,1,496,487,484,476,505,496,498
40,333,305,326,3,324,301,309,291,322,327,324
50,350,314,345,3,338,344,335,319,344,350,344
41,363,344,334,1,338,332,341,328,357,351,350
47,320,298,297,1,308,313,285,280,317,316,318
45,407,385,385,1,404,380,338,388,399,364,403
53,493,430,481,1,491,478,460,479,490,488,482
32,232,210,222,1,232,224,206,230,229,231,229
49,442,388,434,1,438,388,418,419,438,414,439
44,291,264,279,2,290,286,261,288,289,281,287
52,438,418,437,1,437,422,410,424,430,418,434
53,398,372,394,1,396,368,358,391,395,389,387
42,351,334,345,1,346,347,307,339,351,345,348
47,290,272,289,5,280,283,274,272,283,277,283
51,389,367,385,4,378,353,368,373,367,377,381
54,318,287,315,5,315,309,297,301,311,310,313
33,282,268,256.5,3,276,265,241,254,268,282,274
52,492,452,486,1,454,459,460,420,476,483,486
34,303,280,279,1,303,293,270,291,303,292,302
48,344,306,311,2,344,312,321,337,332,344,337
56,386,356,365,3,385,379,361,379,376,372,374
58,418,391,411,1,412,399,377,389,416,413,415
76,532,500,494,2,527,513,517,515,524,532,529
62,390,369,374,4,388,390,366,363,389,384,385
39,252,235,231,2,243,240,240,227,250,244,246
53,459,407,453,1,455,440,419,430,457,430,454
49,513,481,497,2,461,486,459,446,504,513,503
52,357,324,355,2,340,350,336,317,351,350,352
56,376,355,360,1,361,363,349,336,374,375,374
37,306,270,300,1,304,292,279,292,303,274,303
53,429,378,425,3,428,420,412,405,421,427,418
38,290,275,267,1,280,285,271,260,287,274,289
61,440,416,414,6,437,426,405,430,434,440,431
48,407,378,397,1,407,392,373,391,397,407,402
51,432,397,422,1,398,400,387,369,423,429,425
62,403,374,393,2,403,391,381,401,399,396,395
56,394,375,388,1,373,360,370,372,380,390,381
50,419,388,413,4,412,416,395,394,413,408,417
35,329,305,315,2,311,292,312,290,315,324,324
50,389,359,387,3,386,365,345,355,383,389,384
52,368,336,365,1,361,366,337,341,367,359,365
48,299,267,293,2,282,280,284,268,292,294,295
42,384,360,377,10,366,363,360,354,361,369,373
78,498,469,488,1,492,497,479,481,496,498,492
32,283,259,266,4,283,275,254,281,278,278,275
35,285,264,284,3,285,255,260,269,279,285,277
34,296,269,286,3,296,256,265,287,282,268,291
60,422,405,418,1,404,392,379,387,418,401,419
61,505,477,482,1,490,505,449,456,504,477,501
71,517,504,495,1,515,513,463,507,514,486,509
52,359,342,354,2,358,346,328,349,352,338,351
70,464,444,457,3,461,456,445,449,456,464,456
48,347,322,334,2,338,319,324,323,341,329,343
48,396,370,372,1,393,389,363,378,394,389,389
49,337,316,322,1,334,330,322,316,337,337,333
60,440,400,434,1,439,404,389,434,429,435,433
52,416,387,398,2,408,412,370,394,411,402,409
62,405,384,396,3,405,384,348,398,396,403,392
36,287,261,276,2,287,272,249,283,280,278,285
59,370,352,368,1,358,350,346,332,369,369,368
33,239,218,232,7,230,221,197,217,232,237,225
42,342,312,332.5,1,337,333,326,319,339,329,330
51,364,343,343,3,360,349,332,346,350,363,349
41,360,324,360,9,360,336,327,360,348,333,354
43,379,333,370,9,362,330,340,347,357,373,365
47,382,339,366,1,380,380,345,358,382,377,381
29,234,203,213,5,210,225,199,200,226,233,226
45,341,316,335,4,325,310,301,320,330,331,334
39,329,297,325,1,309,308,297,297,323,305,323
41,330,293,326,1,329,318,297,307,322,325,326
47,292,273,269,2,276,275,270,251,280,291,286
71,368,347,365,4,368,357,345,364,361,355,361
63,393,366,392,1,389,379,358,376,392,369,391
40,270,230,253,2,267,263,250,250,262,269,264
58,303,292,290,2,303,295,289,289,298,296,296
32,306,284,292,1,289,291,273,258,297,298,306
63,403,387,383,7,397,380,377.5,386,392,403,396
56,380,349,374,1,377,363,365,372,375,378,365
51,329,307,329,1,321,324,305,309,327,300,325
30,232,211,218,2,232,221,215,217,228,231,230
47,296,270,288,5,295,276,269,291,281,289,289
65,481,457,472,5,472,439,429,422,467,478,474
30,291,254,276,2,289,254,261,267,286,273,288
77,467,444,459,2,462,458,447,435,465,464,460
35,247,231,213,1,246,243,218,233,245,236,243
49,412,392,384,2,407,405,379,395,407,398,408
66,509,473,503,4,506,502,480,495,504,507,498
53,321,287,297,1,321,313,287,319,320,310,315
36,347,332,337,1,293,332,322,270,346,334,342
43,348,318,342,2,341,334,312,326,341,337,345
45,293,278,290,1,292,283,267,278,288,286,289
32,254,230,254,2,254,234,220,243,242,253,247
52,364,290,363,1,358,359,346,315,359,354,361
65,481,427,471,1,479,469,460,469,480,477,478
67,455,419,442,1,455,445,418,450,454,439,448
35,250,231,245,2,242,230,224,236,243,241,241
35,247,214,234,1,225,233,224,205,242,240,243
50,438,410,428,1,432,428,403,418,433,421,432
45,402,388,383,4,401,391,379,398,400,368,398
38,239,218,214,1,230,237,219,216,237,239,238
58,455,419,452,1,450,446,427,439,454,377,443
57,404,379,404,3,381,375,383,375,391,390,394
39,283,262,281,1,283,270,241,278,272,270,279
81,567,535,547,1,565,559,531,526,565,563,562
51,308,288,302,1,306,287,286,291,304,303,307
55,450,419,434,4,447,435,419,429,438,437,444
49,343,310,335,2,339,319,311,328,338,332,331
48,406,356,383,4,402,399,381,379,401,391,398
42,308,280,305,3,290,292,291,260,305,304,304
37,341,315,336,2,335,322,305,321,337,340,332
44,331,294,314,2,323,316,302,300,326,321,327
60,387,363,368,4,379,377,361,358,376,385,380
61,395,359,392,1,386,378,362,368,389,392,388
44,350,322,350,1,348,342,318,338,349,332,346
63,428,403,425,1,404,420,407,386,427,409,425
55,435,402,435,1,429,418,403,405,435,410,431
31,316,294,314,1,296,302,255.5,267,311,307,308
34,212,187,199,5,202,211,170,187,210,205,203
34,260,239,255,1,259,249,234,250,259,257,251
33,269,248,245,1,263,244,242,252,260,260,262
51,425,405,415,1,417,417,401,389,422,416,407
59,456,437,449,2,455,446,416,442,448,442,453
63,418,406,415,4,418,394,405,412,413,408,408
39,285,246,266,3,276,264,258,260,272,258,278
61,515,469,505,4,494,512,491.5,484,512,481,510
53,331,306,322,1,328,307,312,312,326,330,325
47,398,366,385,8,389,394,363,361,391,393,388
59,415,383,413,1,398,409,393,382,415,401,413
51,356,316,345,1,355,344,315,350,356,346,352
57,453,432,446,2,431,443,431,394,447,452,450
58,522,498,511,1,512,473,504,479,517,498,512
62,375,357,354,2,355,341,360,334,369,353,367
56,398,362,377,1,398,355,371,393,395,390,396
74,573,539,550,3,565,565,543,540,572,564,570
72,595,575,595,1,590,584,560,553,589,584,588
48,388,364,384,5,382,370,338,357,381,380,381
53,480,458,479,1,470,462,454,445,479,469,468
61,391,357,385,1,390,365,367,362,383,388,388
68,418,404,388,1,416,406,389,409,417,400,415
62,468,450,460,2,466,454,447,447,465,466,463
63,458,423,450,1,456,443,421,452,453,444,451
55,381,362,379,3,381,358,360,378,376,371,378
56,475,446,460,3,475,445,439,467,462,465,466
41,313,292,309,2,311,296,274,299,309,291,307
32,222,201,218,2,220,210,207,195,216,216,219
41,328,303,295.5,3,318,325,291,303,326,313,324
33,234,204,203,1,233,216,210,227,229,232,228
45,345,324,327,1,334,331,315,304,343,315,337
46,329,309,325,1,320,309,289.5,313,327,306,322
51,280,262,275,1,277,269,256,266,279,275,276
45,305,282,295,8,280,293,232,268,297,300,288
53,480,452,464,1,433,423,456,408,470,476,474
44,283,268,268,3,279,267,253,263,280,277,279
42,359,332,356,2,358,333,313,355,353,356,353
57,404,383,391,2,395,390,376,372,403,395,401.5
37,301,284,290,3,301,266,275,296,290,290,297
41,327,305,315,1,294,325,297,279,322,304,325
45,463,397,450,2,461,448,398,455,457,451,452
46,389,347,379,2,389,358,364,380,361,380,381
32,324,299,311,1,313,292,288,264,319,311,321
49,380,363,375,6,376,357,356,366,372,355,372
43,402,367,391,1,384,389,366,368,401,398,398
37,286,273,272,1,285,273,279,276,274,264,284
56,503,480,497,3,483,500,479,455,499,477,493
49,394,373,394,3,393,373,367,378,389,387,379
51,342,327,340,4,340,323,313,319,336,337,337
70,449,434,442,1,441,425,425,429,443,432,445
42,313,290,268.5,2,307,307,288,275,306,302,309
55,401,378,395,1,394,392,374,378,393,389,398
57,513,471,485,1,503,512,489,487,512,510,502
55,342,324,335,2,336,332,320,324,328,335,336
35,246,223,226,5,244,234,230,231,242,232,239
32,242,228,241,1,239,230,220,230,241,230,234
64,496,468,477,3,494,492,450,481,488,449,488
51,361,342,358,5,349,342,332,324,349,361,351
53,414,387,404,1,407,398,391,393,412,407,411
61,528,500,527,1,524,513,495,514,522,521,524
35,242,222,232,3,242,228,214,234,230,233,236
34,246,227,212,3,226,235,222,202,241,246,243
40,306,286,298,1,296,277,279,282,304,290,299
31,246,211,235,2,245,243,211,231,242,239,241
73,573,540,563,1,573,563,540,567,565,572,565
44,346,316,342,1,343,340,331,334,345,344,341
59,366,344,366,1,355,339,334,340,365,365,363
37,242,226,241,1,210,234,223,213,242,227,237
63,452,427,452,4,443,424,434,419,434,450,434
53,378,361,352,5,366,364,354,339,368,376,372
49,324,302,298,1,324,315,304,318,321,316,322
36,401,376,391,4,377,360,358,375,382,392,385
56,368,348,364,3,352,361,332,338,365,346,364
61,448,418,426,1,439,439,422,387,444,447,440
45,268,248,231,3,268,268,244,266,268,254,262
63,529,485,524,1,526,484,475,502,519,501,525
50,386,357,375,1,385,378,355,381,386,382,378
46,311,295,301,2,311,303,280,302,304,311,307
45,328,309,318,2,327,318,308,321,321,328,325
50,336,316,325,4,334,324,300,330,320,316,331
53,390,362,381,3,357,384,362,321,384,345,386
68,467,450,463,8,467,442,445,459,443,448,461
64,394,380,389,3,393,370,377,368,387,388,389
58,503,470,497,2,494,456,456,467,476,498,497
38,305,278,304,8,298,297,280,284,299,289,296
37,305,287,280,5,300,297,269,281,302,290,296
55,425,372,425,1,421,406,396,384,416,420,421
40,298,267,298,2,291,265,270,244,293,282,296
71,556,525,543,1,556,534,514,535,556,539,540
29,264,250,236,2,262,223,230,249,259,244,259
33,247,234,220,2,240,234,216,226,238,243,243
41,277,256,260,2,277,263,264,270,262,272,272
48,409,387,389,2,401,382,371.5,386,399,407,400
70,475,456,447,5,463,435,446,446,455,463,463
59,507,481,492,1,463,498,478,462,503,493,501
43,351,321,349.5,1,338,340,321,311,349,346,345
53,414,378,412,2,414,408,381,408,411,400,407
71,534,510,530,1,515,529,500,509,533,516,525
56,418,383,400,2,414,409,399.5,351,413,405,415
44,269,250,268,2,263,246,256,250,265,259,262
38,364,332,351,2,335,314,335,313,355,344,353
70,449,424,449,3,448,446,426,440,447,445,443
38,312,295,290,1,308,291,283,293,310,284,309
43,313,293,300,1,312,313,287,305,312,295,310
45,340,305,335,1,335,330,311,320,336,321,331
47,465,445,462,10,457,446,417,445,452,455,459
61,400,374,399,1,400,384,379,390,383,391,394
45,281,262,274,2,277,272,262,265,277,280,277
48,446,429,444,4,443,421,413,420,438,432,437
58,474,457,473,1,453,463,450,431,471,456,466
37,273,244,272,2,267,261,245,246,269,260,267
35,256,238,249,2,255,248,224,250,252,230,248
57,456,439,421,1,453,394,427,439,447,453,451
62,489,473,478,4,484,463,455,456,472,484,482
46,336,305,326,4,324,311,313,307,321,327,327
42,253,221,245,2,250,231,237,239,248,239,250
64,386,370,372,4,378,376,359,361,379,373,382
52,471,430,468,9,455,454,426,425,454,471,460
35,220,202,219,2,218,208,193,200,205,215,209
50,396,370,391,1,395,376,372,393,385,383,388
37,314,301,309,1,287,277,286,280,310,308,310
63,486,454,470,2,485,467,456,480,471,476,482
52,371,347,366,4,370,343,344,363,345,351,363
30,273,252,265,5,260,241,245,237,257,270,266
61,497,461,487.5,1,483,487,476,457,492,489,494
55,392,364,383.5,1,386,375,361,363,388,374,387
36,292,254,279,3,287,283,273,260,289,290,282
56,384,367,366,3,382,364,362,365,374,372,376
42,287,269,280,4,282,274,254,268,277,287,283
74,406,389,379,2,406,399,383,401,399,401,397
58,447,415,441,2,446,399,402,424,430,446,443
68,511,465,503,2,489,497,491,474,507,508,506
40,259,230,259,3,259,246,231,249,251,244,251.5
62,446,418,443,4,442,433,424,391,436,440,440
42,373,345,349,4,371,324,347,361,343,363,366
46,285,266,275.5,1,275,270,259,247,281,272,283
61,470,430,468,2,460,458,434,449,463,467,457
46,370,336,314,2,354,340,339,346,367,357,365
48,392,371,383,1,366,364,374,371,387,390,388
54,387,370,380,3,384,369,360,379,379,385,382
62,405,386,396,5,405,397,364,400,395,403,400
51,368,330,334,11,358,339,350,337,346,367,363
42,341,307,326,3,339,334,324,336,336,330,336
73,491,475,486,2,488,423,461.5,478,483,474,485
51,439,401,426,1,417,424,389,383,438,437,434
44,298,273,272,2,297,283,278,290,295,281,296
73,580,549,568,1,574,564,553,548,578,579,574
63,402,377,402,1,399,375,376,389,389,388,395
42,287,257,285,3,284,269,267,278,277,279,284
58,403,364,395.5,2,389,397,384,371,398,384,399
49,373,343,367,3,370,369,322,355,366,360,362
49,420,402,415,2,401,415,388,376,418,415,417
68,513,490,501,2,511,502,469,505,508,504,508
49,360,346,342,1,357,346,340,350,357,355,358
67,500,472,494,2,494,487,478,477,499,496,492
63,537,520,514,3,521,516,515,500,535,537,531
47,264,252,262,3,249,258,247,234,261,255,253.5
59,473,452,470,1,470,445,446,459,465,467,465
55,481,433,462,2,481,466,435,468,479,480,474
42,345,321,344,5,343,330,321,314,339,334,339
72,478,462,466,3,478,471,448,466,465,455,463
30,297,256,292,1,296,295,257,294,297,261,292
66,537,507,496,1,528,506,519,506,534,512,533
58,386,345,368,4,386,367,351,367,367,386,380
52,426,395,390,6,409,392,397,352,408,387,419
35,219,194,217,10,213,204,207,208,205,210,210
54,425,407,415,3,407,413,401,373,423,411,420
66,467,449,444,8,460,463,436,429,459,446,461
73,421,397,417,2,421,404,383.5,407,411,420,412
39,311,284,305.5,11,300,280,292,290,292,275,297
50,392,369,377,3,388,378,358,355,382,383,385
41,285,254,270,1,268,270,248,250,268,277,270
49,303,285,299,1,303,250,288,301,300,288,299
52,323,292,303,1,311,304,307,292,317,320,316
34,324,290,321,2,321,314,295.5,305,316,323,310
46,359,329,336,2,350,351,318,327,355,336,354
36,249,230,235,4,246,221,228,238,244,220,246
36,309,287,298,7,309,295,267,300,299,294,303
69,482,459,476,2,476,468,459,451,480,479,477
42,369,346,351,1,356,336,315,343,365,348,367
44,412,384,378,3,412,393,377,376,403,409,405
57,481,456,469,1,471,447,452,453,474,471,473
33,275,241,274,8,273,258,239.5,251,260,238,263
48,341,325,334,1,340,333,327.5,304,331,326,336
45,250,238,246,1,239,243,229,223,245,238.5,241
56,477,448,477,4,448,463,439,424,468,467,472
60,395,369,390,1,392,368,376,374,386,390,393
51,373,344,335,7,369,365,352,359,359,370,364
40,353,333,338,5,342,337,322,324,343,327,342
61,469,449,459,6,461,458,427,450,458,439,451
50,446,429,420,7,421,423,415,389,431,407,434
70,581,559,570,2,573,577,561,537,577,566,573
45,353,330,341,2,349,344,328,335,351,351,346
58,485,462,483,2,467,478,454,443,485,469,478
70,564,539,564,1,553,546,541,512,558,543,561
60,419,395,408,1,418,410,374,408,411,411,415
41,276,258,270,2,276,272,262,272,264,271,273
49,289,257,282.5,1,284,285,257.5,276,281,277,285
59,459,420,454,4,459,440,438,457,453,443,453
46,352,327,338,4,341,336,324,318,346,320,347
49,339,297,322,5,326,329,311,316,329,334,332
52,366,345,362.5,2,354,364,343,318,364,349,361
55,422,378,417,4,421,417,401,415,417,411,411
41,292,267,281,1,281,266,270,233,281,283,287
35,232,215,229,8,221,212,195,210,226,225,227
59,436,409,427.5,1,427,432,409,405,434,426,429
52,442,424,441,3,440,417,395,425,429,437,440
56,417,401,411,2,413,405,394,390,413,416,412
63,358,341,349,6,350,349,341,338,353,356,351
43,328,314,325,1,311,314,308,295,322,322,324
50,370,344,358,2,362,337,356,346,365,347,364
59,458,433,433,2,448,438,423,432,451,454,450
54,347,326,339,7,342,338,316,324,335,325,338
45,282,271,279,4,282,278,259,280,270,279,273
52,436,406,422,2,434,411,416,422,420,412,423
66,499,472,487,1,494,489,476,473,491,496,493
37,296,279,289,2,296,290,277,293,288,283,287
47,345,321,342,3,344,319,324,336,340,334,339
60,466,447,459,4,465,450,443,453,455,462,460
38,351,327,337,1,345,349,327,307,350,348,346
72,475,458,462,2,471,473,447,443,473,465,473
56,386,366,379,2,385,373,361,377,379,384,376
43,277,249,250,4,276,269,247,257,270,253,266
54,329,314,325,8,324,327,309,302,327,319,320
44,312,297,309,3,302,284,286,282,299,310,304
47,432,395,429,7,425,399,394,402,412,416,424
49,276,252,276,3,273,259,259,270,272,252,268
54,347,321,334,2,343,319,327,331,340,341,342
61,424,402,423,3,423,417,380,418,414,416,421
31,342,288,316,3,342,319,294,338,326,319,330
54,412,390,403,1,410,387,380,377,407,405,401.5
39,244,228,242,2,241,219,224,237,238,243,235
32,231,211,209,4,216,224,194,195,225,224,227
62,394,377,391,1,387,384,371,366,394,394,392
36,286,263,261,1,281,283,263,256,283,284,279
68,530,517,526,1,523,528,499,493,528,518,528
43,304,286,300,1,304,285,286,299,300,295,302
35,315,286,281,1,314,287,285,310,311,311,307
49,369,356,368,1,355,338,346,341,363,367,366
64,567,540,555,2,539,549,535,505,565,565,560
55,479,453,476,4,477,446,456,461,469,471,470
64,478,450,459,1,453,466,457,423,476,478,476
72,525,504,509,5,515,492,491,501,509,516,518
44,380,334,363,1,380,365,343.5,376,378,376,377
50,345,321,344,4,343,333,330,334,334,318,334
47,342,324,332,2,338,330,318,329,333,337,339
79,444,421,443,1,444,429,421,439,442,419,441
49,387,362,353,1,385,383,355,360,387,357,383
57,355,327,349,5,352,343,325,343,352,352,347
43,247,228,243,4,241,241,229,229,237,244,241
49,342,296,304,2,332,325,320,319,336,326,335
46,331,296,319,5,314,311,309,292,322,327,324
51,426,397,410,2,415,402,397,399,422,414,423
67,510,490,510,7,490,481,494,482,494,495,504
61,488,462,480,1,477,463,441,428,484,438,485
64,428,401,409,3,425,420,403,416,415,412,422
53,499,459,484,13,488,466,462,469,490,486,490
62,417,402,375,3,417,378,391,400,411,415,413.5
65,436,404,414,1,433,427,400,426,432,427,433
62,516,476,503,2,515,514,489,506,515,515,513
73,445,427,432,2,443,440,427,437,444,430,440
59,409,390,404,6,395,395,379,376,398,405,400
64,474,454,471,1,464,461,442,448,469,470,472
34,262,240,254,1,260,259,238,220,260,257,257
56,458,436,440,1,445,441,431,394,456,442,455
73,453,422,448,3,451,445,433,445,447,439,447
58,366,331,348,5,357,360,346,339,355,361,361
59,360,338,357,1,350,351,343,324,356,357,352
55,415,392,415,3,409,387,390,397,399,414,407
62,521,481,518,3,513,511,487,484,515,502,511
60,410,379,394,6,404,393,378,385,404,388,397
64,444,422,430,2,443,426,421,438,438,435,441
49,357,330,346,2,354,349,317,337,348,323,349
56,332,320,328,7,325,320,311,318,321,326,325
48,384,358,346,7,381,364,363,361,371,383,376
61,559,505,545,2,559,538,521,550,540,552,551
54,330,314,324,1,322,322,300,311,330,328,326
35,258,238,236,1,256,256,219,242,258,250,254
49,347,328,328,4,342,335,323,327,342,327,339
47,330,295,321,3,330,294,304,323,325,303,323
64,533,501,524,1,522,515,494,502,527,518,526
49,314,292,314,2,308,310,279,300,313,308,308
60,583,530,516,4,545,563,544,485,573,578,579
65,427,395,404,2,427,408,398,422,416,425,423
62,528,493,528,1,521,505,474,501,520,492,521
50,324,302,323,1,318,316,313,309,318,319,315
35,257,223,237,7,249,235,243,223,249,249,253
34,278,257,278,3,275,261,242,260,266,274,266
43,394,370,386,2,390,372,363,381,386,381,387
38,357,328,351,1,325,334,338,283,354,342,354
71,454,435,449,3,453,450,434,443,448,451,449
43,281,267,242,2,266,265,271,258,274,275,272
55,394,370,390,1,391,366,371,372,392,394,390
66,460,432,458,1,458,441,429.5,440,452,450,458
40,269,247,264,6,269,259,249,259,262,264,263
33,320,277,315,1,318,299,278,310,314,320,316
37,387,360,383,2,381,350,353,357,377,382,381
40,242,221,236,1,235,240,199.5,225,242,234,242
54,357,342,352,2,353,348,321.5,342,347,348,346
43,490,452,475,1,489,474,448,484,479,490,487
41,335,319,330,6,333,335,299,318,335,333,316
60,441,411,434,2,422,424,420,404,435,441,431
38,319,292,304,5,318,304,288,316,306,300,316
44,272,249,272,1,255,245,246,227,268,261,269
61,369,348,364,2,364,345,345,353,363,366,364
40,269,242,265,2,263,261,248,238,269,265,266
70,413,385,398.5,2,407,396,380,395,407,405,409
37,293,275,290,1,287,281,277,222,288,283,285
60,477,451,454,3,470,456,447,431,469,475,473
48,373,349,372,10,368,367,337.5,353,368,365,365
36,291,268,271,1,276,288,253.5,239,290,287,287
65,503,452,503,3,496,483,469.5,478,499,487,500
50,305,285,293,2,305,293,288,297,295,302,299
58,371,354,365,3,369,354,345,360,359,371,365
39,254,234,249,4,253,254,233,245,251,244,249
50,330,313,323,1,312,300,314,295,316,328,321
66,455,437,436,5,454,442,432,450,442,452,447
61,440,400,422,1,440,434,410,429,435,428,438
59,438,422,428,4,432,433,375,411,435,400,433
50,326,307,308,6,326,320,272,325,322,320,318
49,329,312,318,7,322,310,308,301,310,320,317
62,386,368,352,1,386,362,355.5,384,370,383,382
31,272,252,260,1,252,262,255,244,270,269,264
47,310,289,290,3,296,292,295,283,302,302,299
74,467,429,465,1,465,444,420,457,463,456,463
41,356,327,340,2,349,309,319.5,326,332,353,350
43,336,320,322,8,316,298,310,301,318,324,327
44,354,313,320,1,346,336,326,305,345,348,348
48,424,402,415,5,390,415,366,369,413,403,407
48,404,380,396,1,389,395,369,368,401,398,399
55,342,324,338,4,342,328,308,338,337,332,334
60,429,395,409,2,428,410,401,421,422,427,425
41,255,240,238,1,253,246,228,250,250,253,248
39,330,305,323,7,318,303,301,303,318,311,324
47,397,372,372,6,395,377,377,373,388,367,392
69,561,528,560,1,557,537,539,530,559,558,555
46,345,318,341,4,344,313,321,338,322,345,339
42,308,278,286,4,300,298,285,282,299,297,303
55,411,382,404,1,394,402,390,379,409,411,400
39,294,272,292,1,288,283,268,275,293,273,288
45,308,289,302,4,308,299,284,305,302,296,305
50,474,441,448,1,473,470,441,463,472,470,468
65,390,373,385,3,389,388,361.5,375,385,384,386
60,481,454,478,1,464,451,457,445,480,479,470
63,416,400,406,2,405,398,380,393,411,402,411
61,448,427,443,1,448,434,430,445,443,444,440
67,520,500,510,1,502,511,496,488,517,507,514
48,288,262,288,5,274,280,272,261,281,288,279
49,358,335,357,1,357,344,327.5,355,353,344,355
60,462,438,454,2,450,439,428,430,452,431,460
62,404,378,399,1,402,399,386,387,403,397,400
41,302,272,280,1,300,295,282,291,298,297,299
42,285,259,280,8,280,276,249.5,268,253,284,276
46,416,374,400,1,413,399,364,396,415,408,413
53,388,365,384,10,387,359,358,377,360,383,377
47,393,373,373,5,382,373,356,358,377,388,389
42,359,339,351,3,349,355,336,328,352,359,349
54,328,318,311,5,327,308,311,323,320,321,322
61,444,407,441,2,434,420,428,406,440,440,434
44,435,408,411,3,406,429,396,358,433,426,428
32,280,252,270,2,277,265,240,232,276,257,274
72,555,530,551,3,544,531,518,520,547,547,551
43,327,309,312,6,319,326,314,303,308,323,318
65,541,509,533,3,526,515,503.5,504,512,536,529
35,211,199,198,1,211,206,191,208,203,205,209
63,408,385,392,1,408,396,370,395,404,406,403
34,262,230,259,2,257,248,230,242,254,245.5,260
59,406,373,376,3,401,395,385,382,394,403,399
61,457,435,450,1,454,452,428,441,454,421,448
38,328,308,308,1,326,316,307,310,323,302,321
36,345,312,342,1,341,307,320,324,342,335,340
31,243,214,236,4,234,218,215,210,235,224,236
48,326,305,322,1,324,307,307,312,320,323,323
62,397,377,390,3,391,385,375,367,385,389,391
47,427,402,417,4,426,420,401,419,425,421,421
72,459,444,450,1,458,439,443,454,458,459,453
51,365,350,362,5,363,356,335,358,359,341,356
61,478,446,472,4,477,466,452,459,476,473,465
44,333,314,309,1,312,326,294,290,333,331,333
65,454,432,443,4,419,438,424,412,445,454,449
63,456,430,449,1,443,421,419,416,455,449,449
46,315,294,295,1,309,309,294,294,314,301,310
39,340,320,328,4,329,332,315,308,334,332,332
39,452,422,434,3,449,428,405,419,442,387,439
31,315,295,312,1,281,306,272,257,310,308,305
56,472,447,467,4,462,450,444,446,463,472,464
59,388,359,383,2,384,345,362,360,380,378,379
62,455,434,442,2,444,440,427.5,411,448,452,451
57,431,390,428,3,428,406,400,413,415,430,420
59,488,466,485,1,486,458,455.5,476,483,469,487
37,363,337,354,1,344,328,333,326,359,355,358
36,326,306,318,2,299,311,287.5,284,323,312,319
54,347,333,343,2,345,312,327,336,338,346,345
44,406,367,405,2,404,382,373,389,404,402,401
42,358,327,356,4,349,351,320,336,349,329,353
62,431,403,427,7,431,422,389,421,427,411,426
57,340,326,335,1,339,329,316,323,337,330,337
70,559,533,552,1,552,535,532,531,553,557,553
51,554,525,529,3,539,540,516,508,544,530,540
48,313,299,310,1,305,301,283,291,304,309,307
40,339,309,332,3,327,323,320,304,330,338,334
45,326,312,289,3,313,315,305,300,322,322,322
51,384,361,379,2,382,371,349,368,380,376,375
51,469,424,458,1,427,452,430,400,462,455,465
62,470,443,448,1,462,461,452,435,469,469,464
37,330,313,329,4,318,319,299,294,319,326,322
52,450,424,438,1,438,420,415,412,444,433,444
73,530,509,523,1,525,512,500,505,524,522,522
37,288,264,275,1,284,274,268,273,288,282,280
64,529,495,513,2,527,507,506,515,521,524,525
45,414,376,397,1,410,381,393,388,404,408,405
50,407,378,376,4,400,385,384,389,402,385,402
54,358,339,341,3,358,355,334,354,358,356,355
44,348,323,315,1,339,333,304,317,344,347,344
41,347,317,345,4,344,339,321,339,338,344,335
30,308,276,301,1,304,254,279,286,304,295,294
33,347,324,343,1,343,328,322,322,345,346,339
54,319,291,313,3,319,307,293,277,313,306,304
44,345,330,327,5,340,303,308,327,327,325,333
59,433,409,424,1,428,410,395,413,426,416,427
70,549,513,536,1,547,525,523,524,548,542,547
49,469,441,460,1,463,433,442,430,466,461,467
43,266,242,260,4,266,236,245,265,259,264,260
56,423,392,407,1,406,413,402,381,417,416,419
58,498,448,492,6,498,481,467,493,492,485,489
50,413,387,409,2,412,402,385,407,410,383,408
42,351,317,346,5,341,344,297,312,348,345,343
62,419,384,407,2,405,408,387,383,416,416,417
58,374,359,372,11,374,363,355,369,362,360,363.5
47,321,305,308,4,308,304,299,303,313,321,308
57,487,451,455,1,486,469,455,465,476,464,480
52,524,500,508,2,516,476,493,485,501,519,518
51,313,292,299,1,312,290,296,304,304,309,306
47,329,291,323,1,319,318,290,276,327,329,314
37,295,274,285,6,278,288,273,260,288,289,289
70,504,473,498,1,492,487,469,470,500,490,499
61,510,467,509,4,494,502,480,466,501,505,500
70,475,460,420,2,474,460,455,463,470,463,471
45,413,384,410,3,398,412,397,376,412,409,407
45,367,336,366,1,362,353,350,349,367,357,366
32,268,239,254,1,263,253,250,254,266,264,261
58,441,384,403,1,439,411,422,422,441,441,437
49,473,430,453,1,441,445,419,432,466,465,467
36,336,299,327,1,331,294,304,310,334,336,327
55,380,369,377,2,368,346,349.5,359,377,380,374
48,355,340,348,1,340,334,321,327,350,351,352
53,348,331,333,3,338,346,323,325,348,343,339
40,334,309,323,1,295,324,304,270,332,327,330
55,441,396,419,5,439,429,394,417,429,433,431
36,235,211,219,7,224,225,212,212,226,235,218
38,287,267,284.5,1,284,276,267,278,283,277,280
43,302,289,302,3,300,278,271,275,291,294,295
40,323,304,322,1,301,309,276,266,319,317,319
70,518,484,508,5,506,501,494,470,503,504,507
49,332,306,314,1,332,317,314,318,327,313,322
60,394,370,390,1,394,373,358,380,389,388,389
65,447,425,442,3,447,436,417,446,444,433,439
59,513,482,501,1,511,506,483,487,512,509,510
32,311,280,280,1,302,269,277.5,289,293,299,303
34,281,260,260,3,278,279,261,259,276,268,273
64,388,366,364,4,360,377,366,354,377,383,381.5
51,305,286,287,1,298,305,283,276,304,302,298
51,354,307,338,1,348,341,312,336,348,350,353
39,336,280,332,4,336,328,301,324,326,327,325
45,306,276,296,3,293,299,281,275,305,303,295
39,257,234,251,2,248,244,245,223,254,255,253
34,267,238,263,6,257,239,233,247,247,264,259
35,325,302,325,1,317,310,284,303,325,285,311
44,364,326,355,1,363,338,342,346,360,361,360
41,323,305,320,2,305,302,292,298,306,307,308
49,436,391,434,6,422,384,401,396,423,429,429
64,556,519,553,2,545,540,530,510,543,554,549
44,279,243,279,2,273,251,256,255,271,260,273
56,451,423,442,2,409,448,429,379,449,451,443
41,317,301,315,2,312,298,300,297,314,312,313
34,275,253,258,2,270,273,257,256,272,275,272
40,227,216,221,1,224,215,209,208,225,210,225
59,474,426,465,8,469,473,446,448,472,473,463
48,367,337,360,1,367,338,336,363,363,357,362
46,328,296,328,2,327,313,302,304,323,313,325
30,294,274,285,3,285,256,258,262,287,282,288
39,241,217,236,1,236,216,230,222,239,239,239
66,464,442,451,2,462,457,440,429,459,457,457
42,360,323,358,1,350,333,335,316,351,359,340
47,397,364,397,1,397,356,374,380,389,386,395
50,386,345,381,3,382,377,360,352,377,373,380
59,446,430,439,1,440,427,422,426,437,433,439
49,386,361,386,3,382,357,357,368,375,383,377
58,444,417,442,1,420,438,416,392,440,434,441
70,481,435,474,5,479,475,449,472,475,457,470
56,426,404,419,2,426,391,396,417,416,406,421
61,513,464,508,2,499,490,492,483,500,485,504
50,407,378,388,2,397,393,365,376,399,404,399
74,514,497,503,1,508,493,486,494,504,502,510
46,381,353,378,1,359,346,347,327,379,378,376
62,466,443,458,5,466,427,427,452,456,451,460
47,332,300,323,2,329,309,307.5,312,326,322,327
55,293,278,291,1,290,287,277,274,290,288,290
71,438,419,431,1,437,434,421,420,437,438,437
67,421,400,417,2,412,410,397,393,418,416,415
66,401,381,394,6,390,386,385,370,398,401,394
71,533,516,532,2,532,530,506,514,531,526,529
36,262,245,239,1,261,222,239,257,255,253,259
68,453,426,447,2,441,451,429,421,448,419,448
66,447,423,444,1,435,429,427,417,441,447,441
47,381,338,354,1,381,347,361,354,379,381,375
56,375,339,363,2,357,365,347,299,370,370,364
46,299,278,289,1,299,299,280,286,299,295,298
58,460,437,454,6,450,429,430,421,443,451,453
55,392,370,390,3,381,375,371,373,375,378,386
69,486,464,486,2,462,484,457,440,484,480,480
47,338,312,324,1,321,335,323,302,337,326,335
56,373,352,370,3,371,367,363,366,367,372,368
61,453,425,435,1,448,438,415,387,448,453,452
46,326,304,316,1,316,299,291,298,322,315,322
63,402,383,382,1,390,375,383.5,379,387,382,397
51,389,363,380,2,388,381,369,375,387,366,385
66,555,527,555,6,548,522,531,534,528,549,546
54,357,344,355,3,354,354,336,340,355,345,350
35,296,272,283,2,295,274,270,285,282,283,292
65,476,454,453,11,475,445,447.5,461,457,474,467
49,355,330,343,3,350,342,321,335,353,348,353
44,368,336,357,6,368,355,328,366,354,361,359
41,257,239,240,3,229,237,245.5,203,250,249,253
50,297,286,295,1,295,295,281,288,295,297,292
55,330,318,325,3,330,323,312,322,325,327,322
52,382,329,381,1,380,380,349,371,375,376,371
33,265,241,264,4,262,253,238,226,262,234,257
56,388,352,372,5,388,377,363,378,383,386,378
35,332,294,327,4,330,299,292,304,308,332,329
77,592,573,575,1,587,532,547,568,589,571,586
34,337,316,315,5,325,333,299,293,332,326,333
62,380,361,370,1,373,367,361,350,378,368,377
72,487,451,484,5,485,449,465,481,477,484,479
41,339,297,329,2,331,319,306,323,323,335,334
59,399,379,385,2,395,388,382,378,395,386,392
57,363,344,362,3,363,356,345,361,360,352,356
76,472,449,463,2,464,456,441,446,466,471,465
63,394,372,394,5,390,380,369,374,385,376,387
58,477,449,461,1,460,462,454,444,474,470,470
28,230,209,229,6,192,228,202,178,226,229,220
38,331,304,313,6,330,314,306,305,323,328,319
51,392,369,370,3,392,372,367,375,382,342,387
35,243,222,242,1,224,223,223,214,231,242,232
46,291,276,290,1,290,283,271,275,288,273,282
45,311,294,306,1,308,307,287,293,310,299,308
50,435,406,412,3,429,403,405,418,416,421,428
29,311,293,288,2,270,288,286,234,305,311,307
51,325,293,319,3,321,293,308,316,308,315,317
47,351,317,333,1,350,343,316,324,347,348,347.5
52,356,329,349,1,353,350,339,334,355,353,355
37,295,273,283,1,292,287,276,284,294,292,291
52,365,350,363,1,356,355,339,347,359,364,360
59,537,516,511,2,528,497,485,495,531,525,529
66,410,394,407,5,409,406,387,405,406,407,401
45,348,328,340,4,345,323,329,309,329,344,334
48,380,358,365,1,372,368,360,319,375,378,376
51,377,359,368,2,376,350,350,372,373,368,372
65,522,503,516,1,520,510,498,503,522,495,517
62,361,339,359,3,360,359,339,338,360,360,354
33,311,288,296,2,297,287,288,278,294,307,306
65,416,399,398,5,416,406,388,393,401,409,405
57,433,406,415,2,431,423,408,414,430,421,430
49,308,293,294,4,291,304,288,277,304,300,297
42,287,271,273.5,1,281,276,252,257,287,268,284
68,493,449,488,1,491,482,479,461,486,493,487
43,387,345,384,3,382,385,333,361,384,386,380
56,440,405,423,3,427,426,418,402,437,434,435
50,414,401,413,3,411,405,392,400,407,412,408
44,292,274,288,2,285,291,272,263,292,272,289
60,324,299,320,1,322,309,295,304,321,324,317
59,393,368,362,1,373,386,366,357,390,384,385
58,477,446,475,2,474,463,450,453,469,456,464
38,330,304,325,7,307,315,308,301,315,327,323
71,459,439,444,5,434,456,439,420,455,446,449
46,300,288,298,2,287,263,284,272,293,298,299
36,333,299,311,2,332,311,305,325,325,317,327
51,289,275,273,2,266,271,270,262,286,275,286
49,334,318,328,2,321,330,315,296,331,334,329
56,461,438,451,1,450,436,436,432,455,453,451
51,426,394,408,4,421,411,395,401,411,418,416
40,265,248,262,2,263,259,248,252,265,237,263.5
55,475,420,466,1,467,443,449,442,467,458,472
40,326,303,318.5,3,326,319,283.5,317,318,317,322
49,342,319,339,3,340,338,315,320,340,327,331
60,446,420,446,2,445,418,412,430,437,440,439
59,375,353,365,1,360,371,350,341,373,373,368
38,292,269,288,1,276,286,262,244,291,243,285
58,507,479,503,2,503,492,486,490,499,505,502
51,454,417,452,1,444,421,397,409,448,453,450
33,317,289,311,1,272,284,286,245,302,309,313
56,361,348,361,1,361,341,338,360,360,355,357
44,332,305,300,3,331,324,302,318,328,320,327
61,523,500,513,3,522,503,495,499,516,503,516
45,311,287,305,1,297,306,295,287,307,293,308
28,216,195,215,1,216,212,176,213,215,175,207
63,502,478,497,2,485,492,476,456,500,492,494
72,453,425,452,1,453,445,419,447,452,449,452
60,451,428,439,5,443,451,433,422,448,444,441
44,292,276,284,1,290,288,268,276,289,265,290
60,495,460,485,1,482,473,461,446,487,495,491
39,318,294,305,6,315,274,290,311,303,311,312
43,373,346,371,3,356,341,345,339,350,359,363
55,431,381,416,2,411,400,403,374,419,415,422
37,261,239,254,3,257,257,243,243,260,252,255
40,336,314,309.5,2,327,330,301,310,335,319,334
61,378,351,374,2,366,371,361,352,369,369,372
50,356,324,354,3,351,329,328,337,343,342,351
37,280,259,265,1,278,244,249,274,276,275,279
53,338,315,338,1,336,324,308,311,335,324,335
51,334,315,323,2,331,314,309,322,326,331,326
47,364,336,351,3,363,328,331,335,355,353,357
37,272,249,266,3,268,259,234,256,266,268,261
39,311,288,303,9,297,294,281,281,304,280,307
55,492,461,492,1,488,483,465,472,485,486,488
49,391,372,387,2,354,371,373,350,385,377,388
54,354,341,354,2,327,320,326,316,353,347,351
59,464,447,454,3,452,445,425,433,458,441,457
55,428,387,409,1,423,409,402,397,424,415,421
43,307,285,292,1,304,307,283.5,287,307,306,306
52,384,357,381,3,376,378,363,366,378,342,374
45,360,327,354,3,348,343,327.5,335,350,357,355
34,260,215,254,2,258,256,241,251,252,259,257
61,463,435,456,3,463,446,435,448,455,452,457
52,357,326,353,1,349,348,333,328,357,345,353
54,409,383,372,2,400,394,371,386,404,409,398
49,322,306,307,1,320,304,305,311,316,312,313
40,272,233,262,1,253,252,245.5,220,269,244,269
57,414,395,405,12,411,389,370,399,391,398,401.5
60,419,395,396,5,418,394,394,409,406,387,408
77,518,488,509,1,513,517,470,496,518,511,514
44,348,322,315,1,340,337,311,325,347,339,346
49,461,435,442,1,461,428,419,446,454,435,459
49,402,365,399,1,402,401,366,397,401,393,398
47,374,329,361,2,368,368,342,347,370,369,361
55,357,335,352,2,354,353,344,341,355,350,351
47,400,367,385,4,395,380,360,382,389,363,393
31,222,198,218,4,221,216,211,208,219,204,218
46,297,275,294,3,289,286,261.5,282,294,296,290
57,413,392,397,1,412,380,378,401,411,410,409
32,328,299,311,1,327,297,304,323,324,328,323
65,405,388,393,3,402,397,369,383,395,386,399
45,396,369,393,8,388,368,377,367,367,383,382
44,394,350,363.5,1,390,375,368,371,394,394,390
60,481,446,473,1,481,472,450,477,479,452,475
41,327,292,303,1,323,304,297,306,327,322,324
67,400,387,378,1,399,383,377,388,396,397,396
50,318,290,316,1,312,316,301,291,317,318,312
65,505,482,495,2,484,484,479,468,496,503,491
59,424,398,415,2,403,409,398,371,417,422,422
30,336,297,317,1,335,291,314,318,326,317,322
50,500,446,488,2,500,493,442,494,495,496,497
51,347,330,330,1,342,314,327,330,346,347,347
68,461,437,454,1,452,452,422,432,454,451,454
44,314,301,305,2,314,291,281,312,303,305,308
51,355,317,341,10,354,327,337,346,339,349,346
50,392,369,391,1,386,384,356,362,387,384,385
50,354,343,348,5,352,342,296,346,341,332,346
61,504,481,488,3,501,481,469,491,488,498,497
57,522,498,510,4,519,501,490,507,511,515,508
52,418,390,405,3,417,397,396,405,404,401,399
62,359,339,350,1,351,349,341,343,356,357,357
62,544,494,522,4,542,535,512,534,539,541,535
41,355,300,347,3,335,342,328,305,353,347,348
38,311,289,310,3,307,280,283,284,293,310,308
54,331,311,325,2,328,324,312,317,329,329,324
48,354,320,341,2,340,330,320,314,350,351,350
55,480,454,472,1,480,472,450,455,478,480,476
50,347,331,340,2,339,322,328,328,335,333,344
52,422,387,414,4,415,402,379,383,412,419,412
44,335,320,334,1,332,322,310,313,332,309,331
35,298,276,288,3,286,292,271,266,296,294,291
67,507,484,504,3,499,502,467,478,505,504,501
61,427,408,420,2,421,411,373,404,423,384,421
39,315,288,313,1,308,294,295,282,308,304,313
53,339,322,334,1,313,323,322,314,336,304,333
49,463,406,448,1,461,424,441,452,457,462,460
44,340,299,331,2,316,328,312,305,339,334,337
44,355,294,338,2,344,354,331,324,354,342,345
31,268,235,264,2,256,252,251,246,265,259,263
63,527,502,521,5,501,488,499.5,486,516,514,519
40,280,252,269.5,1,267,266,260,227,280,279,280
44,332,299,318,3,328,310,308,305,327,321,324
43,388,360,374,2,351,372,371,325,382,366,386
61,371,354,361,1,371,359,352,364,370,362,367
49,330,308,330,3,329,287,294,319,321,328,323
52,433,408,424,4,431,432,405,411,429,410,426
69,443,401,427,2,443,435,419,440,437,438,440
39,281,262,267,4,262,266,253,240,269,274,276
55,426,390,391,2,426,408,385,420,423,423,423
54,398,387,398,5,390,363,374,383,370,393,391
48,407,370,400,1,387,404,374,337,405,405,401
43,283,245,269,2,281,269,256,272,275,235,276
38,342,315,327,3,337,333,314,296,337,333,339
55,426,403,422,4,421,412,401.5,406,416,406,422
45,367,343,366,2,356,345,326,328,363,364,362
61,461,428,430,2,455,437,445,431,456,458,455
68,476,456,471,3,476,456,446,465,470,474,471
56,409,377,406,3,407,389,367,399,398,409,404
36,359,298,347,3,353,340,325,334,355,347,353
58,450,432,438,1,444,435,419,438,447,449,444
67,543,527,540,2,540,518,509,515,526,517,533
55,371,352,360,1,360,348,340,330,371,356,366
45,304,283,290,4,287,290,283,263,295,298,300
44,302,285,298,2,299,289,280,291,295,289,298
39,283,259,278,1,283,269,250,278,274,268,281
30,225,199,215,3,225,215,208,223,224,217,217
40,253,230,217,5,253,249,214,253,247,250,249
46,368,342,340,4,365,340,329,354,353,341,357
35,341,304,340,2,341,330,298,318,335,333,331
44,295,269,287,1,295,291,270,279,292,291,292
39,310,282,300,2,306,304,270,288,299,237,305
55,342,321,340,3,342,315,326,339,335,311,337
46,369,350,367,2,367,347,316,361,355,355,362
46,362,331,353,2,341,340,339,318,354,360,356
68,548,499,548,7,542,529,514,523,537,528,542
48,480,449,462,1,477,473,427,462,478,457,470
64,475,458,475,5,459,472,437,431,473,466,467
36,340,313,320,7,338,304,295,318,312,340,329
31,250,228,246,4,243,237,222,228,242,249,240
48,354,336,348,1,350,345,329,326,346,346,350
46,339,306,336,3,339,334,316,338,336,303,337
52,425,380,422,6,423,411,388,398,423,417,419
39,292,269,279,6,288,282,261,258,286,250,280
37,255,237,255,2,251,236,226,228,251,225,248
45,363,345,353,7,358,345,331,347,350,354,355
54,402,387,389,3,398,387,343,378,395,379,397
56,348,327,332,1,344,333,323,330,348,347,342
44,359,344,357,3,356,344,341,350,356,346,350
39,287,270,282,2,267,274,246,258,280,286,282
48,333,322,330,1,327,326,315,322,328,332,328
74,569,544,558,1,565,564,536,526,567,560,562
35,308,282,291,1,307,302,284,298,308,306,301
38,256,238,250,6,246,240,238,238,244,246,252
29,235,211,223,2,212,217,215,210,226,233,224
52,518,484,493,1,507,507,480,488,516,509,511
32,351,326,339,1,287,335,318,269,351,324,344
34,257,221,247,1,255,235,234,245,242,248,252
48,279,263,277,4,274,260,246,267,269,267,268
69,501,460,495,4,496,484,461,474,493,497,492
42,234,219,232,1,234,208,219,232,226,227,223
54,451,407,448,1,448,432,412,433,451,449,447
51,364,341,360,5,350,347,346,333,352,350,354
47,335,325,333,3,333,326,302,326,331,333,331
63,455,441,447,1,452,417,420,444,446,400,451
33,292,254,264,4,288,280,262,279,283,290,284
66,497,479,483,2,495,494,457,487,495,493,493
61,419,397,404,2,419,366,396,418,408,418,415
38,271,250,252,1,270,260,243,263,267,240,266
60,359,340,343,2,343,351,328,326,358,346,356
74,562,528,556,3,561,545,539,543,550,547,556
60,451,427,421,2,446,434,414,426,435,444,445
35,221,194,211,3,219,220,203.5,206,219,217,208
43,325,299,310,1,323,317,296,315,324,313,316
36,329,299,327,4,325,281,305,292,322,284,321
45,345,315,337,1,326,326,317,315,340,332,341
48,324,286,320,3,322,311,302,314,324,319,315
60,507,482,502,8,498,489,464,468,493,506,497
59,522,503,502.5,1,520,499,502,513,515,503,517
43,285,251,275,1,284,281,251,266,285,285,282
34,256,239,252,4,245,208,239,234,232,248,238
54,392,359,387,1,388,351,370,365,382,367,382
46,340,320,339,5,337,335,321,321,331,333,329
54,453,419,390.5,2,452,445,420,428,449,450,448
37,273,256,247,2,247,258,245,221,267,272,266
49,389,347,388,1,381,378,332,348,388,347,384
45,296,277,268,2,295,288,253,288,287,273,287.5
50,541,518,535,1,517,519,511.5,473,540,541,530
62,569,540,558,2,567,541,539,559,543,564,560
35,284,258,249,1,280,259,257.5,275,271,284,280
45,370,347,358,1,370,362,342,363,366,368,364
46,405,370,398,4,393,376,372,374,395,404,401
39,363,337,358,1,343,340,329,335,357,355,362
46,258,247,246,1,258,243,234,255,257,258,255
34,291,272,285,1,290,272,261,272,289,251,289
59,391,368,384,4,368,378,364,369,385,388,385
48,335,319,333,2,329,330,292,320,330,325,332
60,462,429,452,2,456,445,432,436,460,456,457
46,296,272,278,2,295,284,262,286,287,295,291
51,382,365,374,3,358,361,357,343,366,382,377
63,539,501,523,2,535,479,504,526,524,537,537
42,352,319,338,3,352,328,324,347,340,351,340
44,329,309,315,3,326,324,292,316,325,307,321
65,419,394,411,3,418,396,395,411,410,410,414
43,370,349,370,1,368,341,338,355,356,345,365
55,501,465,462,4,483,487,443,453,497,477,493
40,295,271,288,4,288,272,276,273,284,281,289
38,283,250,275,5,282,275,261,273,274,282,273
38,339,296,339,3,339,337,304,327,335,324,334
40,325,304,322,1,319,317,285.5,298,317,298,321
42,286,255,279,5,282,268,260,271,275,285,278
49,317,299,310,1,315,299,304,302,311,309,314
47,290,277,290,1,281,277,262,266,289,277,284
34,265,242,258,3,261,258,243,247,261,261,260
54,402,358,392,1,370,392,369,351,401,402,395
49,358,329,353,1,347,318,329,342,351,353,352
53,472,447,452,1,467,447,453,446,468,448,467
45,358,333,350,2,351,349,312,330,352,351,348
43,355,318,345,1,355,323,340,340,339,351,354
30,314,291,308,4,310,303,272,300,310,313,310
49,286,279,283,1,286,280,265,281,282,270,281
55,444,399,443,1,438,407,417,421,440,417,436
67,462,445,422,7,455,445,435,424,455,460,450
38,282,261,272,1,270,270,240,232,278,266,276
63,512,491,500,1,507,497,488,480,507,482,502
47,328,317,302,2,317,299,300,304,325,322,326
38,364,336,352,1,296,326,327,303,351,313,356
58,391,350,389,1,384,375,372,359,389,391,389
68,479,457,452,1,476,466,456,456,477,478,477
44,302,275,289,1,296,287,282,289,302,295,299
60,470,445,418,2,464,463,437,442,464,457,462
60,533,501,511,1,531,527,500,517,528,522,530
51,334,313,330,1,327,319,306,307,323,333,332
47,376,361,374,8,376,363,350,371,364,350,368
55,380,353,346,2,362,374,360,339,375,376,373
65,457,431,440,1,453,449,425,427,456,447,449
44,398,372,390,3,383,375,364,357,384,387,391
64,434,403,431,2,426,433,419,410,434,431,430
63,435,404,418,1,429,414,409,401,432,419,427
33,265,229,249,3,263,247,251.5,246,255,263,260
48,393,364,360,1,360,373,371,339,391,392,387
66,416,396,407,2,406,405,398,390,412,415,409
74,525,496,521,2,521,508,483,510,518,522,518
40,402,358,397,4,402,390,353,400,385,384,383.5
45,443,418,424,1,442,429,421,434,436,408,434
69,532,492,516,1,532,489,494,528,525,525,524
46,397,358,392,2,378,383,362,330,388,382,391
61,432,396,423,1,423,426,401,403,430,420,414
60,385,359,369,2,384,360,363,375,360,374,376
33,241,223,238,3,227,212,209,211,234,240,236
50,485,461,483,4,479,475,445,454,473,473,477
66,504,464,486,5,492,495,473,460,496,499,496
46,355,326,332,6,355,339,334,325,339,345,347
32,314,284,313,1,309,308,266,280,312,307,312
31,232,220,224,1,224,197,215,205,227,231,227
54,332,319,328,1,326,307,315,316,308,331,321
41,352,332,332,4,344,337,324,307,339,333,336
48,394,374,373,1,383,390,356,356,388,386,386
71,395,380,394,1,394,391,387,393,393,395,395
55,424,397,416,2,402,401,397,382,420,410,419
37,311,297,306,2,307,303,287,294,307,277,301
42,261,249,250,4,259,254,227,252,257,235,253
43,354,324,349,2,347,339,336,309,350,347,350
33,247,234,233,1,244,233,225,223,239,246,237
44,316,293,311,2,309,278,285.5,294,288,286,307.5
52,445,431,444,3,424,431,417.5,383,444,432,436
33,350,323,297.5,2,350,350,299.5,344,348,336,348
43,347,307,344,1,333,336,324,311,342,340,343
41,321,299,313,7,309,295,294,297,311,303,309
32,316,286,316,1,305,310,287,298,311,310,314
38,321,297,315,4,315,316,292,288,315,307,314
47,370,348,355,10,360,348,342,324,352,350,359.5
60,464,444,452,1,462,440,444,451,461,460,460
46,411,382,411,3,406,389,368,385,400,399,402
45,438,392,418,5,434,437,403.5,419,434,429,435
39,242,222,223,5,232,225,214,224,232,238,233
39,259,217,252,3,238,239,236,218,255,259,253.5
51,449,411,449,2,449,430,409,440,422,435,433
61,475,438,444,3,471,461,443,449,468,472,472
56,457,425,454,1,449,439,411,418,452,448,447
52,374,340,355,2,365,364,354,352,366,356,372
35,289,276,257,1,289,269,258,288,284,279,284
55,520,492,520,2,513,513,481,493,513,520,515
49,299,281,295,1,296,292,285,283,294,297,296
58,437,405,433,2,415,399,412,396,422,430,422
34,284,267,274,3,283,271,269,273,278,264,278
42,296,258,289,2,286,264,265,268,283,293,291
72,425,402,407,5,415,415,395,397,421,407,420
40,289,265,281,2,289,284,265,287,286,272,284
49,422,395,408,3,390,387,388,337,410,410,409
38,325,301,319,3,324,299,287,292,315,294,318
34,344,321,340,2,340,306,325,313,341,327,328
51,396,357,396,1,396,379,354,388,386,391,387
64,463,435,456,5,445,453,413,395,461,446,458
30,221,194,209,2,218,216,201,198,221,202,215
60,540,469,536,4,526,517,512,497,530,533,534
58,389,365,376,1,376,373,366,343,385,385,386
64,510,490,500,2,503,487,476,470,507,501,507
47,355,327,355,1,339,328,323,317,343,355,349
45,363,338,363,1,356,347,328,310,358,351,361
63,382,361,379,1,376,377,356,366,375,380,377
48,338,320,325,6,334,334,318,310,333,329,330
47,318,296,318,1,313,303,288,302,316,308,317
39,347,306,346,2,337,333,322,283,343,326,339
61,435,423,433,3,431,415,403,416,432,430,428
34,278,248,278,9,256,260,255,209,266,256,270
44,324,295,318,10,306,303,298,298,306,319,305.5
53,310,299,302.5,1,304,277,291.5,286,306,296,304
54,488,459,474,2,487,481,463,481,482,459,475
45,378,328,368,2,366,373,346,343,374,348,369
32,235,202,221.5,6,233,230,207,216,234,223,229
76,599,559,595,5,587,582,565.5,564,587,581,593
48,371,343,369,2,371,352,349,343,364,350,358
44,416,398,400,4,382,404,379,373,414,390,411.5
38,358,333,351,2,354,352,337,334,351,356,355
46,381,362,373,6,374,366,353,349,371,373,375
51,312,300,301,1,304,296,286,294,307,308,306
54,408,392,379,1,384,396,375,362,404,396,402
51,352,326,352,1,352,333,321.5,347,347,345,347
47,342,324,341,2,330,326,311,317,334,323,336
38,344,318,338,2,337,334,308,318,340,326,333
53,406,382,389,6,403,399,383.5,391,398,398,397
53,462,435,431,2,452,459,421,435,461,455,454
69,484,469,466,1,483,473,459,472,472,478,478
59,432,412,417.5,4,429,404,389,411,428,429,428
67,499,465,495,1,499,482,475,494,494,495,494
43,433,395,433,4,428,348,385,407,410,427,424
75,539,518,505,1,536,506,501,525,539,521,536
38,293,275,280,2,290,269,259,279,286,265,282
56,449,428,427,1,444,416,423,431,448,437,446
71,466,437,448,1,451,457,442,432,464,465,459
64,521,506,516,2,520,498,494,505,511,491,515
67,450,431,449,1,448,426,427,438,434,447,445
37,218,206,212,3,215,194,191,203,207,206,212
35,344,319,342,2,308,294,322,307,334,335,339
43,336,320,329,1,329,325,310,320,332,296,331
61,565,524,554,1,564,532,537,538,565,539,560
67,502,474,486,1,496,487,484,473,500,474,494
50,381,347,374,1,379,366,361,373,375,375,368
53,405,377,378,5,395,390,383,376,394,399,399
67,548,526,538,1,546,511,513.5,537,541,548,546
48,415,387,415,2,412,395,379.5,394,408,355,407
35,333,302,320,1,313,310,298,284,330,312,330
68,388,367,366,3,380,377,366,360,376,381,383
63,481,458,472,1,475,466,462,459,475,475,476
68,579,548,549,7,553,563,551,520,576,550,569
60,566,546,543,5,556,555,531,527,546,559,554
47,361,343,344,5,361,352,340,352,355,353,348
62,435,410,432,1,430,410,416,384,435,422,434
37,324,299,314,1,323,317,286,292,323,321,321
47,332,306,332,1,324,306,308,305,320,321,324
45,297,272,297,1,282,287,274,276,293,269,294
36,264,239,262,1,264,230,226,259,255,243,257
62,366,323,347,1,361,337,328,322,361,357,362
38,281,251,272,2,278,271,244,265,278,269,264
47,278,249,259,3,278,275,256,275,276,269.5,265
40,346,320,345,2,325,310,314,311,335,305,338
41,235,211,228,1,233,223,212,223,235,234,230
30,235,214,214,9,229,218,204,205,216,231,228
61,458,430,454,5,458,435,423,442,445,452,449
33,318,291,314,2,300,283,293,289,305,313,311
56,469,451,453,1,469,440,438,461,466,453,466
41,283,262,276,2,271,256,261,269,275,258,279
69,422,406,420,3,420,405,405,394,410,416,419
54,462,442,445,4,453,435,437,440,445,459,454
39,305,266,299,2,305,232,293,301,295,305,300
69,523,503,519,1,519,515,498,498,518,517,516
45,336,310,326,1,328,334,312,300,334,315,328
60,525,477,486,8,518,524,500,503,521,522,519
35,288,256,287,3,272,261,253,238,276,270,281
44,262,239,254,9,262,258,235,261,261,250,253
36,300,268,297,2,298,284,275,283,291,288,293
48,346,332,330,1,346,332,331,344,344,338,344
33,258,247,258,1,247,249,234,233,255,248,251
52,331,320,316,3,328,303,314,318,325,311,320
25,215,182,187,3,214,205,195,209,210,199,207
50,436,414,431,2,436,409,413,408,428,427,430
72,393,363,385,1,391,384,376,381,385,393,392
61,436,424,427,1,434,432,412,428,433,435,434
42,229,212,219,1,228,215,212,221,221,227,227
58,397,382,395,1,391,385,370,379,391,349,391
64,459,419,441,2,458,445,432,451,454,454,454
64,509,483,507,1,500,479,467,464,498,509,504
30,265,232,256,1,249,240,218,230,261,256,255
30,240,220,216,2,234,218,228,205,233,234,235
34,301,281,296,1,294,294,287,282,300,301,298
72,486,453,484,2,455,463,460,431,478,474,476
47,437,364,432,2,437,415,408,426,431,403,433
50,368,344,358,3,346,353,330,331,359,365,361
49,342,319,320,2,342,334,327,319,336,341,339
65,505,479,498,1,505,490,479,496,498,499,497
34,305,274,293.5,1,287,289,275.5,270,301,288,299
38,383,354,365,6,368,371,356,356,377,373,377
54,351,331,349,1,347,333,322,330,344,342,347
56,516,493,498,2,507,507,485,485,510,493,512
35,310,294,306,6,296,276,288,276,299,305,299
49,370,341,349,1,366,352,339,348,361,327,366
58,351,328,349,3,340,350,331,333,349,350,342
52,320,304,304,2,320,294,298,317,312,287,315
69,553,514,546,1,537,531,524,516,550,549,548
65,460,418,452,3,455,442,447,431,446,453,450
57,378,354,378,1,375,366,348,363,376,348,377
57,508,489,490,2,493,490,466,479,504,493,506
41,370,337,345,4,353,350,328,331,355,363,354
35,337,303,323,1,331,310,294,293,325,319,335
62,419,386,414,1,415,406,403,392,416,419,408
66,444,423,439,2,437,421,414,405,435,443,433
53,493,469,484,1,487,488,466,469,490,475,480
46,421,382,413,2,408,399,391.5,393,409,405,416
36,272,247,267,5,268,264,237,255,267,267,262
44,371,321,358.5,9,357,352,334,325,354,364,362
40,341,310,334,2,333,319,298,307,336,330,336
64,424,402,405,1,411,389,396,396,415,422,421
53,327,310,325,1,325,315,302,322,327,326,323
73,456,428,451,3,451,427,429,444,443,452,452
71,416,398,410,1,415,402,391,409,408,409,409
53,352,332,351,1,345,320,330,338,350,339,349
43,372,337,358,1,364,359,340,318,372,356,365
50,479,448,470,2,461,449,456,435,472,452,473
60,424,393,413,4,421,419,382,402,415,422,417
56,436,402,436,2,423,416,407,406,428,419,430
61,398,383,394,1,397,354,377,389,387,387,385
43,302,287,298,2,299,293,279,285,295,295,300
59,334,321,312,2,334,332,304,310,333,325,331
45,361,345,347,1,359,341,341,337,359,340,359
43,302,282,275,3,299,284,277,269,295,297,297
62,461,432,439,3,461,445,424,460,457,444,457
43,285,274,269,2,282,280,257,268,279,257,279
42,344,303,330,1,330,337,321,316,342,337,340
50,344,323,340,5,339,334,309,316,341,344,335
52,375,353,372,2,375,354,344,371,369,356,371
49,455,432,454,3,451,442,403,443,448,438,451
38,287,258,269,2,279,254,255,236,277,285,284
45,373,343,356,2,357,353,349,336,371,352,367
44,365,344,349,1,351,346,323,331,362,352,358
37,344,324,323,2,327,339,302,288,338,343,343
66,443,413,440,1,420,420,405,382,439,433,441
37,281,266,277,3,277,261,247,258,264,277,272
56,342,326,340,1,336,325,312,327,335,332,338
36,309,286,309,6,305,288,277,290,292,305,300
42,368,337,367,1,357,337,339,349,363,310,363
44,329,304,320,1,324,314,305,308,326,326,323
40,360,336,337.5,2,359,317,322,349,334,352,355
41,309,275,284,1,299,293,279,285,303,290,306
37,319,287,279,1,311,274,291,289,310,304,312
45,397,378,393,2,373,343,361,339,393,389,394
53,458,426,433,2,458,428,415,458,444,444,448
40,321,281,297,4,317,282,276,304,313,319,315
62,422,404,407,3,413,403,390,399,413,420,413
71,554,526,550,2,535,538,515,520,548,529,551
54,460,430,446,1,456,436,436,443,460,454,449
49,386,369,378,1,366,356,356,346,383,386,381
43,280,271,274,4,272,264,259,246,267,277,276
42,410,382,401,3,400,393,385,385,406,391,406
58,413,384,408,2,413,391,391,407,402,372,408
59,482,444,479,5,480,463,448,451,472,476,468
52,410,390,400,1,407,383,395,391,388,398,405
71,481,454,465,1,468,457,441.5,452,480,468,471
39,270,255,268,1,265,245,252,248,256,247,268
50,433,377,426,3,433,425,398,411,428,430,423
54,416,399,412,1,416,403,399,409,414,397,413
49,364,337,364,1,359,356,345,336,362,343,362
66,431,403,423,1,422,402,401.5,411,422,430,428
49,358,343,342,4,335,328,336,313,344,356,348
44,359,331,358,3,354,323,322,316,346,352,354
61,343,328,337,1,342,335,327,328,341,338,340
64,370,349,367,1,370,352,354,349,364,353,364
50,341,323,337,7,341,329,301,334,323,340,332
59,490,440,459,1,487,475,453,459,487,484,486
69,533,512,526,1,526,527,505,491,529,526,527
37,386,318,380,2,373,346,352,349,377,384,380
63,521,490,515,2,508,504,464,490,518,506,515
72,409,386,406,1,409,384,393,399,400,405,401
62,548,527,529,4,534,519,507.5,495,538,526,539
42,258,230,240,2,241,254,240,215,257,240,255
41,314,289,296,4,300,294,296,278,308,286,311.5
50,369,338,367,1,364,349,352,338,367,366,360
46,296,274,288,1,290,286,265.5,275,295,295,295
44,294,281,274,2,291,284,278,282,289,292,291
38,270,250,245,2,257,265,244,250,269,256,264
60,495,464,489,1,459,491,469,406,491,471,490
71,430,405,429,1,430,411,404,421,425,413,425
68,520,501,518,2,518,514,490,493,517,519,513
76,462,437,461,1,459,449,436,445,459,456,458
58,496,468,475,1,496,473,465,482,491,489,489
64,548,511,535,3,532,525,511,504,541,530,538
53,442,410,426,3,434,416,413,417,430,420,434
68,434,412,434,4,433,424,389,415,426,433,425
57,363,337,363,1,360,348,337,342,357,341,357
65,462,436,453,1,462,451,436,460,458,462,461
46,301,285,286,2,301,291,281,293,299,295,297
53,349,335,349,1,336,314,325,333,336,344,348
73,483,455,475,2,483,470,451,478,472,478,473
61,584,552,562.5,1,574,576,549,527,582,581,579
53,435,404,431,3,426,404,395,332,423,416,433
67,486,449,471,6,485,478,458,479,481,485,476
45,342,320,339,5,342,336,316,340,338,341,335
56,455,417,446,1,451,452,427,433,452,416,450
61,518,491,504,4,517,469,475,511,492,507,509
43,297,271,294,1,281,294,272,274,293,279,296
48,324,296,320,2,323,301,303,283,318,323,316
68,560,535,538,2,542,543,523,498,554,553,557
38,256,239,254,4,256,251,239,252,247,255,249
59,405,380,391,1,403,389,376,385,405,402,398
30,291,268,281,3,265,270,252,240,283,291,286
39,328,309,320,1,313,293,302,303,317,325,325
59,461,431,446,3,460,453,438,454,454,461,449
52,447,410,446,2,444,407,417,400,443,437,442
58,344,327,344,3,335,333,317,313,333,337,340
55,399,376,399,7,392,365,371,379,384,385,381
48,381,323,369,4,359,373,354,341,376,378,375
44,346,324,322,1,343,315,322,322,340,341,331
41,270,251,259,1,270,261,244,266,267,269,267
44,353,324,330,1,351,347,320,317,353,339,346
42,245,221,238,1,242,223,224,231,242,244,240
62,381,358,381,3,381,373,359.5,379,377,373,373.5
61,402,388,387,1,386,365,381,385,395,395,399
57,439,395,438,11,434,429,403,418,427,429,430
60,467,445,455,4,467,455,441,423,460,467,457
46,306,291,290,1,298,304,286,289,305,300,303
36,257,226,256,2,232,236,239.5,215,249,239,248
58,474,443,464,1,471,470,439,454,473,474,466
53,457,390,455,1,418,423,424,372,451,457,456
42,347,320,312,2,341,344,328,306,342,338,343
63,349,330,340,1,348,337,316,337,342,344,346
49,342,322,331,3,340,305,324,324,324,335,338
40,305,278,299,1,300,300,282,279,302,300,303
65,523,499,518,1,523,520,490,520,522,509,518
49,313,286,278,1,309,301,276,296,313,311,307
55,452,428,451,1,452,432,419,434,445,440,447
46,247,224,241,4,246,234,223,237,237,247,241
50,353,335,350,1,341,346,325,325,352,340,341
56,439,413,431,2,438,433,419,434,429,439,429
62,443,419,422,8,437,441,411,413,439,438,435
62,376,322,361,1,376,353,359,359,372,367,372
35,271,250,269,5,260,240,235,252,249,269,261
64,538,490,515,1,531,522,500,521,535,529,523
30,229,194,223,3,217,225,205,200,227,210,222
47,336,304,335,3,326,307,309,300,321,331,320
54,481,437,474,2,477,448,424,457,473,472,474
52,354,334,345,3,353,353,336,342,352,342,345
64,374,353,364,1,371,370,343,364,374,370,365
45,298,283,292,2,293,286,266,282,292,289,295
48,352,338,328,2,350,337,314,345,350,324,349
58,539,507,531,3,533,519,506,510,528,511,532
41,402,366,362,2,376,396,378,360,401,399,397
68,458,421,455,2,458,450,433,454,454,451,453
48,345,319,328,2,341,344,324,333,344,340,342
45,298,279,297,2,298,289,283,297,285,296,294
44,353,332,333,1,348,345,331,318,351,338,346
66,491,469,489,1,437,470,461,443,489,482,489
36,232,218,200,4,230,212,198,219,214,224,222
67,487,462,477,2,469,473,459,461,479,487,471
47,374,355,364,7,371,329,349.5,345,355,370,366
46,363,323,363,1,360,348,343,332,358,362,358
62,427,397,413,1,414,416,411,381,424,422,420
59,362,343,360,6,355,348,340,324,351,360,355
39,309,271,309,4,305,265,283,290,300,308,299
70,466,446,460,6,459,457,444,435,462,465,461
40,250,242,247,4,217,232,225,226,240,238,246
46,286,266,271,1,284,277,263,270,283,275,283
35,235,216,232,6,234,229,210,225,225,224,222
32,287,260,265,3,272,284,264,251,286,229,274
37,294,272,278,5,293,282,267,271,271,294,287
53,403,377,402,3,397,371,377,382,393,398,396
45,296,271,290,2,289,280,274,269,285,295,286
47,253,236,247,1,249,251,240,231,250,251,248
56,336,313,326,1,336,336,308,324,335,331,334
59,525,481,515,1,501,516,504,465,525,519,520
56,329,323,326,1,329,329,307,323,329,318,318
37,318,281,310,1,316,315,286,301,316,307,313
42,403,356,371,3,399,375,371,367,383,402,390
64,352,339,347,1,339,333,329,324,349,344,347
59,393,364,388,1,392,372,365,385,385,382,387
59,417,399,412,2,416,403,397,408,407,407,412
41,284,267,282,16,275,268,264,259,274,274,270
47,311,296,308,2,309,283,287.5,298,303,299,307
37,323,302,323,5,312,285,284,296,302,278,319
57,445,401,436,1,428,418,391,383,445,423,443
37,313,291,305.5,1,305,295,272,281,298,313,307
59,453,417,438,2,453,430,428,425,446,449,448
69,424,406,419,1,412,421,401,408,424,420,422
41,354,330,353,4,352,303,321,333,334,337,348
58,453,432,429,1,437,429,430,422,452,430,447
68,498,475,482,2,497,486,467,496,494,485,495
49,335,319,331,1,335,268,307,328,322,334,330
40,335,310,327,2,313,324,292,298,332,323,325
53,365,340,342,1,360,339,343,343,357,363,362
49,351,328,333,4,348,341,328,342,347,348,345
56,319,298,312,1,318,305,302,311,315,311,313
55,466,426,438,3,462,448,437,439,453,463,454
35,256,234,241,7,249,242,239,241,249,250,246
41,288,243,287,1,284,256,268,267,288,285,287.5
36,304,278,281,1,302,295,274,289,297,270,298
41,330,307,329,2,321,326,314,309,325,320,324
62,368,336,357,2,362,348,351,349,364,368,363
40,311,290,308,3,305,292,284,271,309,309,309
40,253,238,239,1,251,248,239,238,251,252,249
41,332,316,322.5,3,327,303,311,308,324,319,330
67,395,378,395,2,392,387,366,366,388,395,391
38,316,295,300,3,307,300,287.5,285,298,313,310
60,422,395,414,3,420,397,397,409,413,418,417
40,315,286,310,2,307,315,276,270,315,289,306
72,446,428,443,1,445,440,409,429,440,434,435
38,324,307,313,1,322,308,285,308,314,307,314
54,432,402,420,1,425,410,408,404,424,398,429
56,328,309,311,1,328,313,307.5,326,326,324,325
74,551,530,540,6,550,548,517,544,549,549,545
61,383,364,377,3,373,358,361,365,381,374,375
47,274,258,264,2,271,267,242,263,265,262,264
37,331,286,320,1,326,321,310,288,328,329,326
68,435,412,432,4,431,415,411,415,423,430,427
74,520,501,503,3,492,500,502,470,516,506,516
44,385,369,373.5,1,375,381,361,357,383,367,374
59,504,479,504,1,497,483,471,469,501,501,499
53,442,402,420,1,438,426,409,424,441,434,436
56,408,395,401,1,400,374,369,387,397,403,401
41,410,367,401,4,399,401,383,356,403,404,404
40,320,289,316,1,301,317,286,290,320,316,317
65,461,438,448,1,461,461,435,460,461,456,455
48,401,362,383,3,387,369,365.5,361,394,396,394
33,254,233,250,1,219,249,225.5,207,254,247.5,247
56,367,341,367,1,366,357,335.5,357,361,350,364
64,484,449,479,1,482,440,444,464,469,484,481
48,344,328,337,3,342,325,322,325,333,334,339
48,356,334,351,2,352,353,337,336,356,354,353
48,372,353,369,3,372,349,345.5,354,365,371,363
40,311,290,306,2,304,304,294,284,306,308,307
44,347,321,331,3,347,345,323,341,344,334,343
50,290,273,276,1,277,281,270,257,289,289,287
34,250,231,245,2,241,248,230,218,248,246,244
54,416,394,399,3,394,414,384,350,413,411,410
58,398,360,386,2,383,383,379,341,388,387,395
59,423,398,419,3,417,404,389,405,418,419,413
59,446,397,433,1,442,433,420,431,440,437,441
65,520,494,517,4,512,498,501,493,505,518,514
53,425,398,415,1,418,402,392,401,425,423,423
29,255,228,241,7,236,249,237,223,251,252,237
44,278,261,275,4,277,266,247.5,248,267,275,269
32,285,266,283,1,275,251,248,243,282,284,281
44,288,274,262,1,287,281,258,281,283,278,283
62,435,419,414,1,425,400,416,413,427,432,430
51,341,322,340,1,306,319,306,276,336,330,335
39,255,239,232,1,249,250,236,227,251,241,250
46,404,378,382,1,393,388,373,372,398,379,389
28,242,223,238,3,242,227,213,240,235,230,222
37,398,370,369,3,392,354,377,381,379,389,389
60,445,420,439,1,438,421,393,415,444,442,441
44,341,322,320,4,332,325,293,323,332,320,330
38,351,320,342,1,348,296,319,341,329,347,343
58,469,449,460,1,467,443,440,454,462,467,465
42,273,255,270,1,268,253,256,251,267,272,270
60,581,538,569,3,572,545,517,521,561,560.5,575
44,318,292,318,1,313,299,275,292,311,311,313
60,349,336,342,1,342,334,328,329,346,334,346
47,337,312,334,3,337,319,314,330,326,335,333
77,440,420,426,4,437,430,423,423,428,439,432
26,274,240,266,1,263,267,213,246,273,274,269
47,409,375,397,2,408,366,390,387,396,408,401
38,297,272,290,3,292,286,265,276,283,286,291
57,437,418,418,1,436,421,407.5,424,432,419,434
43,299,279,283,3,290,280,273,277,291,287.5,293
32,315,293,302,2,296,274,285,278,304,286,307
54,413,386,412,1,408,401,386,369,406,410,409
51,309,299,308,1,309,294,291,302,302,305,303
43,330,300,326,2,325,317,312,300,328,325,320
31,312,272,299,1,311,283,284,298,298,295,305
46,296,274,284,1,278,293,283,274,294,294,294
47,349,321,346,8,347,331,321,334,325,338,337
41,354,327,349,1,354,337,331,350,352,343,349
45,365,329,362,1,363,336,333,356,358,349,363
39,240,225,235,3,237,239,217.5,228,239,234,233
46,346,334,340,1,344,333,330,331,339,331,341
40,282,269,281,11,275,270,247.5,268,272,278,270
53,394,382,389,7,387,387,375,361,389,394,390
40,329,303,314,5,321,278,305,317,322,324,325
38,406,386,398,1,366,385,379,338,405,391,401
50,372,341,367,2,365,341,333,345,367,353,365
45,392,356,371,4,380,370,359,360,379,390,383
43,352,332,336,1,351,331,324,342,345,349,347
42,333,296,321,4,328,330,301,273,332,328,326
57,399,369,380,2,390,398,370,366,398,398,395
39,381,361,366,7,380,357,352,374,372,362,373
52,322,294,313,1,314,314,294,283,316,312,313
64,457,434,454,1,454,448,427,432,453,451,448
34,267,251,264,1,246,250,246,227,260,249,261
32,299,279,296,1,280,259,261,253,298,299,295
56,401,377,394,2,401,394,377,394,394,388,396
48,317,298,313,3,317,314,302,299,310,315,308
29,213,192,210,1,204,184,196,188,193,207,201
32,286,271,278,1,284,238,219,268,284,269,271
68,448,429,427,1,445,436,404,432,448,438,444
46,377,349,361,1,376,361,348,362,373,371,373
58,422,376,411,1,421,410,401,413,415,411,415
42,400,367,396,1,382,380,339,341,394,389,396
32,215,200,215,1,215,209,200,208,214,210,213
49,415,384,400,3,410,385,382,375,402,411,409
54,460,442,457,5,441,427,410,416,443,445,451
55,462,432,459,1,462,425,431,462,459,461,456
60,505,481,481,3,505,482,480,477,502,499,500
53,377,358,358,1,375,371,353,365,373,363,374
41,370,321,366,1,366,358,331,354,365,332,363
56,456,435,449,2,456,420,413,452,448,442,448
44,348,305,320,1,345,336,314,332,347,342,338
29,228,210,227,1,219,209,189,212,221,202,223
53,349,330,347,1,349,332,330,345,343,348,345
62,494,460,484,2,469,474,461,456,487,484,488
42,286,267,251,4,284,278,259,280,275,253,280
36,303,272,297,1,303,290,285,291,299,303,297
69,485,469,476,1,479,473,456,451,485,485,484
35,308,281,296,5,304,289,265,272,292,300,303
37,276,256,272,2,276,268,247,264,273,267,272
52,374,355,355,12,367,371,351,346,371,358,364
58,498,444,489,3,495,493,463,481,492,496,493
48,376,361,373,2,359,356,350,346,369,346,371
53,471,436,443,1,454,452,430,428,469,466,467
57,396,381,365,3,391,382,364,368,390,387,393
38,315,278,312,2,307,275,291,293,304,279,312
49,452,424,435,2,422,434,418,392,450,423,444
66,410,376,402,2,400,394,390,385,401,405,401
66,460,407,454,5,456,454,414,442,454,457,455
40,255,242,238,1,254,236,235,247,254,246,253
45,392,360,377,1,387,366,359,359,389,377,387
62,429,409,408,2,427,421,404,415,426,424,423
59,403,371,399,5,401,384,371,394,389,388,391
53,359,339,335,3,351,342,331,330,356,352,355
42,302,283,301,2,299,282,279,294,295,300,296
53,518,487,513,2,506,484,493,476,506,508,513
49,446,409,441,1,444,423,401.5,437,444,422,443
45,293,278,292,1,286,288,281,274,289,264,288
51,376,359,370,3,376,361,341,373,366,351,366
57,441,409,440,1,427,417,394,416,439,436,433
49,335,315,329,1,330,329,318,311,331,323,327
45,378,343,333.5,2,364,371,333.5,331,376,360,373
72,530,497,520,2,525,523,513,491,526,526,525
65,426,411,409,6,425,409,405,398,415,413,418
35,247,234,246,1,247,213,207,242,238,228,244
48,423,395,405,1,406,416,390,350,416,405,417
37,338,314,315,6,317,318,300,304,332,337,331.5
59,335,320,331,2,330,325,322,317,333,320,328
57,444,414,439,1,444,438,420,432,433,422,442
42,400,362,394,2,392,358,359,368,389,388,389
52,335,321,332,3,333,317,323,307,326,313,330
72,505,485,489,1,493,492,482,462,503,504,503
60,454,435,454,1,444,379,432,433,434,451,448
51,515,436,468,1,501,497,491,450,514,475,511
45,354,325,348,3,352,309,324,341,338,352,344
61,566,527,543.5,2,566,563,531,564,565,563,564
36,272,256,270,1,256,257,254,247,267,243,265
61,479,445,467,3,473,477,437,434,476,463,474
39,310,292,303,2,299,303,278,283,307,294,307
53,487,440,470,2,463,454,436,428,483,472,485
56,456,413,448,1,434,423,433,418,451,439,450
48,415,370,392,1,408,376,372,381,414,413,412
38,383,356,356,3,383,371,357,379,367,356,374
57,436,407,428,1,430,416,405,419,434,433,433
39,290,270,273,3,290,261,262,286,274,285,287
55,360,320,357,2,358,341,328,336,352,339,355.5
66,473,444,469,1,459,435,450,423,465,470,470
58,501,470,491,1,489,491,465,467,497,489,498
46,367,344,363.5,4,364,357,329.5,348,359,355,357
33,289,260,289,2,270,285,263,250,284,283,282
75,406,391,399,10,405,401,384,395,401,404,400
70,550,523,543,2,526,547,527,514,548,522,543
52,475,426,441.5,1,467,470,446,457,472,475,463
59,380,363,372,4,362,363,346,335,374,367,377
35,238,222,238,5,238,228,216,235,233,233,229
62,369,342,368,1,356,364,347,325,369,362,366
38,350,290,350,3,344,307,317,333,339,339,347
44,406,380,402,1,403,392,354,382,406,406,398
56,379,353,374,4,358,369,353,340,376,371,373
41,330,305,327,1,317,325,293,303,327,290,328
64,569,530,563,1,569,545,525,534,562,551,565
36,287,254,276,2,281,282,261,259,277,273,274
52,409,383,402,3,409,394,367.5,407,395,408,404
31,318,273,306,1,301,313,283,276,318,287,304
33,265,231,263,1,245,257,241,233,259,264,262
45,379,363,376,7,368,371,341,358,372,357,371
57,426,390,423,1,426,414,395,425,424,396,419
54,421,406,409,2,421,418,402,386,419,418,416
44,341,309,324,3,340,309,317,330,338,325,334
60,393,376,391,2,391,379,373,367,388,380,389.5
74,547,527,543,1,541,542,526,519,544,547,539
35,229,210,221,1,229,211,215,223,223,224,229
39,337,313,335.5,9,329,320,306,291,325,328,330
40,313,296,312,2,311,289,277.5,287,301,307,310
64,525,502,520,1,524,512,500,517,523,516,520
50,385,365,378,1,382,368,351,355,380,357,382
69,593,553,579,4,577,589,537,555,590,589,583
58,353,334,344,1,349,333,333,344,346,339,349
34,263,240,253,8,261,229,240,252,246,252,257
55,435,415,425,1,413,409,417,395,428,434,431
40,304,290,304,6,298,299,277.5,288,295,274,297
43,352,333,333,3,349,330,319,329,341,342,345
50,336,314,314,1,330,311,314,316,331,331,331.5
55,370,350,367,3,357,354,337,333,366,362,358
43,330,313,324,2,329,320,309,320,328,316,324
76,523,501,518,2,520,507,479,502,520,523,520
36,285,265,285,2,259,262,254,251,271,278,281
50,319,293,315,2,317,304,301,298,311,317,310
52,402,373,395,2,400,389,380,374,393,394,400
74,434,416,424,3,434,434,409,421,431,433,424
67,423,412,416,3,405,408,396,405,418,417,414
39,322,300,321,1,312,310,296,277,313,311,315
52,436,400,413,1,426,425,383,407,427,394,433
47,328,302,323,2,317,309,310,298,324,327,320
35,249,228,248,5,239,216,227,227,232,245,242
71,558,538,543,3,552,547,516,541,553,554,553
65,499,477,498,2,480,482,470,454,490,495,492
44,418,377,406,3,403,372,395,352,411,403,414
33,323,297,321,6,307,296,268,286,312,320,314
64,496,471,476.5,1,489,478,464,470,493,489,490
44,406,381,378,5,395,394,366,365,397,392,403
52,330,306,330,2,326,329,305,311,329,325,325
59,486,459,476,5,476,459,463,470,465,470,474
46,287,264,281,1,281,287,262,259,286,285,282
62,533,497,530,2,528,517,498,513,524,532,528
56,489,469,479,2,480,416,456,455,460,464,484
58,434,421,430,1,427,412,407,412,432,424,425
64,487,459,478,7,484,478,458,472,480,482,479
72,410,386,406,3,394,391,392,386,403,407,401
37,254,219,252,4,238,233,235,218,246,237,244
32,303,278,293,2,303,288,286,291,302,303,300
34,320,282,306,4,317,310,297,279,314,289,308
59,452,427,451,5,441,440,427,417,445,446,441
44,368,332,363,2,354,346,343.5,325,351,364,361
54,309,285,306,1,298,284,288,291,308,303,307
63,464,450,453,1,463,433,448,456,458,456,460
45,332,308,327,1,331,293,311,326,321,298,329
31,263,225,241,3,260,263,203,243,263,247,255
41,365,347,365,3,365,354,329,364,357,336,354
40,367,336,367,1,365,354,336,352,361,367,357
49,369,332,363,1,366,348,337,364,363,342,363
35,234,204,210,2,233,222,216,224,229,222,230
67,558,522,548,1,550,528,514,536,546,550,554
58,310,292,307,1,304,303,287,294,310,310,306
42,437,406,407,4,428,369,389,404,425,409,432
46,367,346,345,2,356,342,338,341,348,367,360
30,324,305,317,2,315,288,289,281,317,257,319
57,326,308,319,2,318,319,311,308,325,319,317
39,307,269,304,1,305,290,284,286,304,289,305
47,304,289,303,1,296,283,273,281,295,288,297
60,405,384,404,2,390,379,379,373,399,396,402
38,258,232,255,1,257,242,244,245,256,256,252
57,446,422,427,3,446,439,398,439,439,411,442
56,510,477,508,4,495,473,472,472,486,470,504
38,332,310,330,1,324,311,300,308,322,322,328
71,584,559,567,1,584,553,548,571,568,583,580
70,547,515,535,1,543,529,518,522,543,520,543
40,239,220,238,2,237,233,226,230,232,227,233
42,339,304,335,2,315,338,309,281,338,326,333
40,312,301,291,1,309,306,278,301,312,309,309
70,422,406,419,2,413,412,385,394,415,405,418
55,508,462,485,3,496,494,478,437,500,504,496
54,423,396,414,10,400,408,395.5,376,407,409,412
53,394,373,394,7,368,379,369.5,345,385,390,385
68,434,398,428,4,433,423,414,430,426,425,422
39,312,287,306,3,312,305,278,310,304,307,306
54,423,388,408,1,421,407,399.5,409,421,409,419
55,522,485,499,6,518,498,490,485,511,507,516
25,263,221,239.5,5,262,245,236,251,247,245,253
